side,side,eta,phi,sector,TwinMux,TwinMux_link,TwinMux_bit,ring,BLANK
-1,-1,1,1,1,YB0_S1,6,14,0,BLANK
1,1,1,1,1,YB0_S1,7,46,0,BLANK
-1,-1,2,1,1,YB0_S1,6,15,0,BLANK
1,1,2,1,1,YB0_S1,6,13,0,BLANK
-1,-1,3,1,1,YB0_S1,6,10,0,BLANK
1,1,3,1,1,YB0_S1,7,45,0,BLANK
-1,-1,4,1,1,YB0_S1,7,32,0,BLANK
1,1,4,1,1,YB0_S1,7,44,0,BLANK
-1,-1,5,1,1,YB-1_S1,6,15,-1,BLANK
1,1,5,1,1,YB+1_S1,6,15,1,BLANK
-1,-1,6,1,1,YB-1_S1,6,12,-1,BLANK
1,1,6,1,1,YB+1_S1,6,12,1,BLANK
-1,-1,7,1,1,YB-1_S1,6,9,-1,BLANK
1,1,7,1,1,YB+1_S1,6,9,1,BLANK
-1,-1,8,1,1,YB-1_S1,7,44,-1,BLANK
1,1,8,1,1,YB+1_S1,7,44,1,BLANK
-1,-1,9,1,1,YB-1_S1,7,41,-1,BLANK
1,1,9,1,1,YB+1_S1,7,41,1,BLANK
-1,-1,10,1,1,YB-1_S1,7,38,-1,BLANK
1,1,10,1,1,YB+1_S1,7,38,1,BLANK
-1,-1,11,1,1,YB-2_S1,7,41,-2,BLANK
1,1,11,1,1,YB+2_S1,7,41,2,BLANK
-1,-1,12,1,1,YB-2_S1,7,38,-2,BLANK
1,1,12,1,1,YB+2_S1,7,38,2,BLANK
-1,-1,13,1,1,YB-2_S1,7,35,-2,BLANK
1,1,13,1,1,YB+2_S1,7,35,2,BLANK
-1,-1,14,1,1,YB-2_S1,7,32,-2,BLANK
1,1,14,1,1,YB+2_S1,7,32,2,BLANK
-1,-1,15,1,1,YB-2_S1,7,29,-2,BLANK
1,1,15,1,1,YB+2_S1,7,29,2,BLANK
-1,-1,1,2,1,YB0_S1,6,12,0,BLANK
1,1,1,2,1,YB0_S1,7,43,0,BLANK
-1,-1,2,2,1,YB0_S1,6,9,0,BLANK
1,1,2,2,1,YB0_S1,6,11,0,BLANK
-1,-1,3,2,1,YB0_S1,6,8,0,BLANK
1,1,3,2,1,YB0_S1,7,42,0,BLANK
-1,-1,4,2,1,YB0_S1,7,31,0,BLANK
1,1,4,2,1,YB0_S1,7,41,0,BLANK
-1,-1,5,2,1,YB-1_S1,6,8,-1,BLANK
1,1,5,2,1,YB+1_S1,6,8,1,BLANK
-1,-1,6,2,1,YB-1_S1,6,5,-1,BLANK
1,1,6,2,1,YB+1_S1,6,5,1,BLANK
-1,-1,7,2,1,YB-1_S1,6,2,-1,BLANK
1,1,7,2,1,YB+1_S1,6,2,1,BLANK
-1,-1,8,2,1,YB-1_S1,7,37,-1,BLANK
1,1,8,2,1,YB+1_S1,7,37,1,BLANK
-1,-1,9,2,1,YB-1_S1,7,34,-1,BLANK
1,1,9,2,1,YB+1_S1,7,34,1,BLANK
-1,-1,10,2,1,YB-1_S1,7,31,-1,BLANK
1,1,10,2,1,YB+1_S1,7,31,1,BLANK
-1,-1,11,2,1,YB-2_S1,6,14,-2,BLANK
1,1,11,2,1,YB+2_S1,6,14,2,BLANK
-1,-1,12,2,1,YB-2_S1,6,11,-2,BLANK
1,1,12,2,1,YB+2_S1,6,11,2,BLANK
-1,-1,13,2,1,YB-2_S1,6,8,-2,BLANK
1,1,13,2,1,YB+2_S1,6,8,2,BLANK
-1,-1,14,2,1,YB-2_S1,6,5,-2,BLANK
1,1,14,2,1,YB+2_S1,6,5,2,BLANK
-1,-1,15,2,1,YB-2_S1,6,2,-2,BLANK
1,1,15,2,1,YB+2_S1,6,2,2,BLANK
-1,-1,1,3,1,YB0_S1,6,6,0,BLANK
1,1,1,3,1,YB0_S1,7,40,0,BLANK
-1,-1,2,3,1,YB0_S1,6,7,0,BLANK
1,1,2,3,1,YB0_S1,6,5,0,BLANK
-1,-1,3,3,1,YB0_S1,6,2,0,BLANK
1,1,3,3,1,YB0_S1,7,39,0,BLANK
-1,-1,4,3,1,YB0_S1,7,30,0,BLANK
1,1,4,3,1,YB0_S1,7,38,0,BLANK
-1,-1,5,3,1,YB-1_S1,6,7,-1,BLANK
1,1,5,3,1,YB+1_S1,6,7,1,BLANK
-1,-1,6,3,1,YB-1_S1,6,4,-1,BLANK
1,1,6,3,1,YB+1_S1,6,4,1,BLANK
-1,-1,7,3,1,YB-1_S1,6,1,-1,BLANK
1,1,7,3,1,YB+1_S1,6,1,1,BLANK
-1,-1,8,3,1,YB-1_S1,7,36,-1,BLANK
1,1,8,3,1,YB+1_S1,7,36,1,BLANK
-1,-1,9,3,1,YB-1_S1,7,33,-1,BLANK
1,1,9,3,1,YB+1_S1,7,33,1,BLANK
-1,-1,10,3,1,YB-1_S1,7,30,-1,BLANK
1,1,10,3,1,YB+1_S1,7,30,1,BLANK
-1,-1,11,3,1,YB-2_S1,6,13,-2,BLANK
1,1,11,3,1,YB+2_S1,6,13,2,BLANK
-1,-1,12,3,1,YB-2_S1,6,10,-2,BLANK
1,1,12,3,1,YB+2_S1,6,10,2,BLANK
-1,-1,13,3,1,YB-2_S1,6,7,-2,BLANK
1,1,13,3,1,YB+2_S1,6,7,2,BLANK
-1,-1,14,3,1,YB-2_S1,6,4,-2,BLANK
1,1,14,3,1,YB+2_S1,6,4,2,BLANK
-1,-1,15,3,1,YB-2_S1,6,1,-2,BLANK
1,1,15,3,1,YB+2_S1,6,1,2,BLANK
-1,-1,1,4,1,YB0_S1,6,4,0,BLANK
1,1,1,4,1,YB0_S1,7,37,0,BLANK
-1,-1,2,4,1,YB0_S1,6,1,0,BLANK
1,1,2,4,1,YB0_S1,6,3,0,BLANK
-1,-1,3,4,1,YB0_S1,6,0,0,BLANK
1,1,3,4,1,YB0_S1,7,36,0,BLANK
-1,-1,4,4,1,YB0_S1,7,29,0,BLANK
1,1,4,4,1,YB0_S1,7,35,0,BLANK
-1,-1,5,4,1,YB-1_S1,6,6,-1,BLANK
1,1,5,4,1,YB+1_S1,6,6,1,BLANK
-1,-1,6,4,1,YB-1_S1,6,3,-1,BLANK
1,1,6,4,1,YB+1_S1,6,3,1,BLANK
-1,-1,7,4,1,YB-1_S1,6,0,-1,BLANK
1,1,7,4,1,YB+1_S1,6,0,1,BLANK
-1,-1,8,4,1,YB-1_S1,7,35,-1,BLANK
1,1,8,4,1,YB+1_S1,7,35,1,BLANK
-1,-1,9,4,1,YB-1_S1,7,32,-1,BLANK
1,1,9,4,1,YB+1_S1,7,32,1,BLANK
-1,-1,10,4,1,YB-1_S1,7,29,-1,BLANK
1,1,10,4,1,YB+1_S1,7,29,1,BLANK
-1,-1,11,4,1,YB-2_S1,6,12,-2,BLANK
1,1,11,4,1,YB+2_S1,6,12,2,BLANK
-1,-1,12,4,1,YB-2_S1,6,9,-2,BLANK
1,1,12,4,1,YB+2_S1,6,9,2,BLANK
-1,-1,13,4,1,YB-2_S1,6,6,-2,BLANK
1,1,13,4,1,YB+2_S1,6,6,2,BLANK
-1,-1,14,4,1,YB-2_S1,6,3,-2,BLANK
1,1,14,4,1,YB+2_S1,6,3,2,BLANK
-1,-1,15,4,1,YB-2_S1,6,0,-2,BLANK
1,1,15,4,1,YB+2_S1,6,0,2,BLANK
-1,-1,1,5,2,YB0_S2,7,51,0,BLANK
1,1,1,5,2,YB0_S2,6,22,0,BLANK
-1,-1,2,5,2,YB0_S2,6,23,0,BLANK
1,1,2,5,2,YB0_S2,6,17,0,BLANK
-1,-1,3,5,2,YB0_S2,7,52,0,BLANK
1,1,3,5,2,YB0_S2,6,16,0,BLANK
-1,-1,4,5,2,YB0_S2,7,50,0,BLANK
1,1,4,5,2,YB0_S2,7,33,0,BLANK
-1,-1,5,5,2,YB-1_S2,6,15,-1,BLANK
1,1,5,5,2,YB+1_S2,6,15,1,BLANK
-1,-1,6,5,2,YB-1_S2,6,12,-1,BLANK
1,1,6,5,2,YB+1_S2,6,12,1,BLANK
-1,-1,7,5,2,YB-1_S2,6,9,-1,BLANK
1,1,7,5,2,YB+1_S2,6,9,1,BLANK
-1,-1,8,5,2,YB-1_S2,7,44,-1,BLANK
1,1,8,5,2,YB+1_S2,7,44,1,BLANK
-1,-1,9,5,2,YB-1_S2,7,41,-1,BLANK
1,1,9,5,2,YB+1_S2,7,41,1,BLANK
-1,-1,10,5,2,YB-1_S2,7,38,-1,BLANK
1,1,10,5,2,YB+1_S2,7,38,1,BLANK
-1,-1,11,5,2,YB-2_S2,7,41,-2,BLANK
1,1,11,5,2,YB+2_S2,7,41,2,BLANK
-1,-1,12,5,2,YB-2_S2,7,38,-2,BLANK
1,1,12,5,2,YB+2_S2,7,38,2,BLANK
-1,-1,13,5,2,YB-2_S2,7,35,-2,BLANK
1,1,13,5,2,YB+2_S2,7,35,2,BLANK
-1,-1,14,5,2,YB-2_S2,7,32,-2,BLANK
1,1,14,5,2,YB+2_S2,7,32,2,BLANK
-1,-1,15,5,2,YB-2_S2,7,29,-2,BLANK
1,1,15,5,2,YB+2_S2,7,29,2,BLANK
-1,-1,1,6,2,YB0_S2,7,48,0,BLANK
1,1,1,6,2,YB0_S2,6,19,0,BLANK
-1,-1,2,6,2,YB0_S2,6,20,0,BLANK
1,1,2,6,2,YB0_S2,6,21,0,BLANK
-1,-1,3,6,2,YB0_S2,7,49,0,BLANK
1,1,3,6,2,YB0_S2,6,18,0,BLANK
-1,-1,4,6,2,YB0_S2,7,47,0,BLANK
1,1,4,6,2,YB0_S2,7,34,0,BLANK
-1,-1,5,6,2,YB-1_S2,6,16,-1,BLANK
1,1,5,6,2,YB+1_S2,6,16,1,BLANK
-1,-1,6,6,2,YB-1_S2,6,13,-1,BLANK
1,1,6,6,2,YB+1_S2,6,13,1,BLANK
-1,-1,7,6,2,YB-1_S2,6,10,-1,BLANK
1,1,7,6,2,YB+1_S2,6,10,1,BLANK
-1,-1,8,6,2,YB-1_S2,7,45,-1,BLANK
1,1,8,6,2,YB+1_S2,7,45,1,BLANK
-1,-1,9,6,2,YB-1_S2,7,42,-1,BLANK
1,1,9,6,2,YB+1_S2,7,42,1,BLANK
-1,-1,10,6,2,YB-1_S2,7,39,-1,BLANK
1,1,10,6,2,YB+1_S2,7,39,1,BLANK
-1,-1,11,6,2,YB-2_S2,7,42,-2,BLANK
1,1,11,6,2,YB+2_S2,7,42,2,BLANK
-1,-1,12,6,2,YB-2_S2,7,39,-2,BLANK
1,1,12,6,2,YB+2_S2,7,39,2,BLANK
-1,-1,13,6,2,YB-2_S2,7,36,-2,BLANK
1,1,13,6,2,YB+2_S2,7,36,2,BLANK
-1,-1,14,6,2,YB-2_S2,7,33,-2,BLANK
1,1,14,6,2,YB+2_S2,7,33,2,BLANK
-1,-1,15,6,2,YB-2_S2,7,30,-2,BLANK
1,1,15,6,2,YB+2_S2,7,30,2,BLANK
-1,-1,1,7,2,YB0_S2,7,45,0,BLANK
1,1,1,7,2,YB0_S2,6,14,0,BLANK
-1,-1,2,7,2,YB0_S2,6,15,0,BLANK
1,1,2,7,2,YB0_S2,6,9,0,BLANK
-1,-1,3,7,2,YB0_S2,7,46,0,BLANK
1,1,3,7,2,YB0_S2,6,8,0,BLANK
-1,-1,4,7,2,YB0_S2,7,44,0,BLANK
1,1,4,7,2,YB0_S2,7,31,0,BLANK
-1,-1,5,7,2,YB-1_S2,6,17,-1,BLANK
1,1,5,7,2,YB+1_S2,6,17,1,BLANK
-1,-1,6,7,2,YB-1_S2,6,14,-1,BLANK
1,1,6,7,2,YB+1_S2,6,14,1,BLANK
-1,-1,7,7,2,YB-1_S2,6,11,-1,BLANK
1,1,7,7,2,YB+1_S2,6,11,1,BLANK
-1,-1,8,7,2,YB-1_S2,7,46,-1,BLANK
1,1,8,7,2,YB+1_S2,7,46,1,BLANK
-1,-1,9,7,2,YB-1_S2,7,43,-1,BLANK
1,1,9,7,2,YB+1_S2,7,43,1,BLANK
-1,-1,10,7,2,YB-1_S2,7,40,-1,BLANK
1,1,10,7,2,YB+1_S2,7,40,1,BLANK
-1,-1,11,7,2,YB-2_S2,7,43,-2,BLANK
1,1,11,7,2,YB+2_S2,7,43,2,BLANK
-1,-1,12,7,2,YB-2_S2,7,40,-2,BLANK
1,1,12,7,2,YB+2_S2,7,40,2,BLANK
-1,-1,13,7,2,YB-2_S2,7,37,-2,BLANK
1,1,13,7,2,YB+2_S2,7,37,2,BLANK
-1,-1,14,7,2,YB-2_S2,7,34,-2,BLANK
1,1,14,7,2,YB+2_S2,7,34,2,BLANK
-1,-1,15,7,2,YB-2_S2,7,31,-2,BLANK
1,1,15,7,2,YB+2_S2,7,31,2,BLANK
-1,-1,1,8,2,YB0_S2,7,42,0,BLANK
1,1,1,8,2,YB0_S2,6,12,0,BLANK
-1,-1,2,8,2,YB0_S2,6,13,0,BLANK
1,1,2,8,2,YB0_S2,6,11,0,BLANK
-1,-1,3,8,2,YB0_S2,7,43,0,BLANK
1,1,3,8,2,YB0_S2,6,10,0,BLANK
-1,-1,4,8,2,YB0_S2,7,41,0,BLANK
1,1,4,8,2,YB0_S2,7,32,0,BLANK
-1,-1,5,8,2,YB-1_S2,6,6,-1,BLANK
1,1,5,8,2,YB+1_S2,6,6,1,BLANK
-1,-1,6,8,2,YB-1_S2,6,3,-1,BLANK
1,1,6,8,2,YB+1_S2,6,3,1,BLANK
-1,-1,7,8,2,YB-1_S2,6,0,-1,BLANK
1,1,7,8,2,YB+1_S2,6,0,1,BLANK
-1,-1,8,8,2,YB-1_S2,7,35,-1,BLANK
1,1,8,8,2,YB+1_S2,7,35,1,BLANK
-1,-1,9,8,2,YB-1_S2,7,32,-1,BLANK
1,1,9,8,2,YB+1_S2,7,32,1,BLANK
-1,-1,10,8,2,YB-1_S2,7,29,-1,BLANK
1,1,10,8,2,YB+1_S2,7,29,1,BLANK
-1,-1,11,8,2,YB-2_S2,6,12,-2,BLANK
1,1,11,8,2,YB+2_S2,6,12,2,BLANK
-1,-1,12,8,2,YB-2_S2,6,9,-2,BLANK
1,1,12,8,2,YB+2_S2,6,9,2,BLANK
-1,-1,13,8,2,YB-2_S2,6,6,-2,BLANK
1,1,13,8,2,YB+2_S2,6,6,2,BLANK
-1,-1,14,8,2,YB-2_S2,6,3,-2,BLANK
1,1,14,8,2,YB+2_S2,6,3,2,BLANK
-1,-1,15,8,2,YB-2_S2,6,0,-2,BLANK
1,1,15,8,2,YB+2_S2,6,0,2,BLANK
-1,-1,1,9,2,YB0_S2,7,39,0,BLANK
1,1,1,9,2,YB0_S2,6,6,0,BLANK
-1,-1,2,9,2,YB0_S2,6,7,0,BLANK
1,1,2,9,2,YB0_S2,6,1,0,BLANK
-1,-1,3,9,2,YB0_S2,7,40,0,BLANK
1,1,3,9,2,YB0_S2,6,0,0,BLANK
-1,-1,4,9,2,YB0_S2,7,38,0,BLANK
1,1,4,9,2,YB0_S2,7,29,0,BLANK
-1,-1,5,9,2,YB-1_S2,6,7,-1,BLANK
1,1,5,9,2,YB+1_S2,6,7,1,BLANK
-1,-1,6,9,2,YB-1_S2,6,4,-1,BLANK
1,1,6,9,2,YB+1_S2,6,4,1,BLANK
-1,-1,7,9,2,YB-1_S2,6,1,-1,BLANK
1,1,7,9,2,YB+1_S2,6,1,1,BLANK
-1,-1,8,9,2,YB-1_S2,7,36,-1,BLANK
1,1,8,9,2,YB+1_S2,7,36,1,BLANK
-1,-1,9,9,2,YB-1_S2,7,33,-1,BLANK
1,1,9,9,2,YB+1_S2,7,33,1,BLANK
-1,-1,10,9,2,YB-1_S2,7,30,-1,BLANK
1,1,10,9,2,YB+1_S2,7,30,1,BLANK
-1,-1,11,9,2,YB-2_S2,6,13,-2,BLANK
1,1,11,9,2,YB+2_S2,6,13,2,BLANK
-1,-1,12,9,2,YB-2_S2,6,10,-2,BLANK
1,1,12,9,2,YB+2_S2,6,10,2,BLANK
-1,-1,13,9,2,YB-2_S2,6,7,-2,BLANK
1,1,13,9,2,YB+2_S2,6,7,2,BLANK
-1,-1,14,9,2,YB-2_S2,6,4,-2,BLANK
1,1,14,9,2,YB+2_S2,6,4,2,BLANK
-1,-1,15,9,2,YB-2_S2,6,1,-2,BLANK
1,1,15,9,2,YB+2_S2,6,1,2,BLANK
-1,-1,1,10,2,YB0_S2,7,36,0,BLANK
1,1,1,10,2,YB0_S2,6,3,0,BLANK
-1,-1,2,10,2,YB0_S2,6,4,0,BLANK
1,1,2,10,2,YB0_S2,6,5,0,BLANK
-1,-1,3,10,2,YB0_S2,7,37,0,BLANK
1,1,3,10,2,YB0_S2,6,2,0,BLANK
-1,-1,4,10,2,YB0_S2,7,35,0,BLANK
1,1,4,10,2,YB0_S2,7,30,0,BLANK
-1,-1,5,10,2,YB-1_S2,6,8,-1,BLANK
1,1,5,10,2,YB+1_S2,6,8,1,BLANK
-1,-1,6,10,2,YB-1_S2,6,5,-1,BLANK
1,1,6,10,2,YB+1_S2,6,5,1,BLANK
-1,-1,7,10,2,YB-1_S2,6,2,-1,BLANK
1,1,7,10,2,YB+1_S2,6,2,1,BLANK
-1,-1,8,10,2,YB-1_S2,7,37,-1,BLANK
1,1,8,10,2,YB+1_S2,7,37,1,BLANK
-1,-1,9,10,2,YB-1_S2,7,34,-1,BLANK
1,1,9,10,2,YB+1_S2,7,34,1,BLANK
-1,-1,10,10,2,YB-1_S2,7,31,-1,BLANK
1,1,10,10,2,YB+1_S2,7,31,1,BLANK
-1,-1,11,10,2,YB-2_S2,6,14,-2,BLANK
1,1,11,10,2,YB+2_S2,6,14,2,BLANK
-1,-1,12,10,2,YB-2_S2,6,11,-2,BLANK
1,1,12,10,2,YB+2_S2,6,11,2,BLANK
-1,-1,13,10,2,YB-2_S2,6,8,-2,BLANK
1,1,13,10,2,YB+2_S2,6,8,2,BLANK
-1,-1,14,10,2,YB-2_S2,6,5,-2,BLANK
1,1,14,10,2,YB+2_S2,6,5,2,BLANK
-1,-1,15,10,2,YB-2_S2,6,2,-2,BLANK
1,1,15,10,2,YB+2_S2,6,2,2,BLANK
-1,-1,1,11,3,YB0_S3,7,51,0,BLANK
1,1,1,11,3,YB0_S3,6,22,0,BLANK
-1,-1,2,11,3,YB0_S3,6,23,0,BLANK
1,1,2,11,3,YB0_S3,6,17,0,BLANK
-1,-1,3,11,3,YB0_S3,7,52,0,BLANK
1,1,3,11,3,YB0_S3,6,16,0,BLANK
-1,-1,4,11,3,YB0_S3,7,50,0,BLANK
1,1,4,11,3,YB0_S3,7,33,0,BLANK
-1,-1,5,11,3,YB-1_S3,6,17,-1,BLANK
1,1,5,11,3,YB+1_S3,6,17,1,BLANK
-1,-1,6,11,3,YB-1_S3,6,14,-1,BLANK
1,1,6,11,3,YB+1_S3,6,14,1,BLANK
-1,-1,7,11,3,YB-1_S3,6,11,-1,BLANK
1,1,7,11,3,YB+1_S3,6,11,1,BLANK
-1,-1,8,11,3,YB-1_S3,7,46,-1,BLANK
1,1,8,11,3,YB+1_S3,7,46,1,BLANK
-1,-1,9,11,3,YB-1_S3,7,43,-1,BLANK
1,1,9,11,3,YB+1_S3,7,43,1,BLANK
-1,-1,10,11,3,YB-1_S3,7,40,-1,BLANK
1,1,10,11,3,YB+1_S3,7,40,1,BLANK
-1,-1,11,11,3,YB-2_S3,7,43,-2,BLANK
1,1,11,11,3,YB+2_S3,7,43,2,BLANK
-1,-1,12,11,3,YB-2_S3,7,40,-2,BLANK
1,1,12,11,3,YB+2_S3,7,40,2,BLANK
-1,-1,13,11,3,YB-2_S3,7,37,-2,BLANK
1,1,13,11,3,YB+2_S3,7,37,2,BLANK
-1,-1,14,11,3,YB-2_S3,7,34,-2,BLANK
1,1,14,11,3,YB+2_S3,7,34,2,BLANK
-1,-1,15,11,3,YB-2_S3,7,31,-2,BLANK
1,1,15,11,3,YB+2_S3,7,31,2,BLANK
-1,-1,1,12,3,YB0_S3,7,48,0,BLANK
1,1,1,12,3,YB0_S3,6,19,0,BLANK
-1,-1,2,12,3,YB0_S3,6,20,0,BLANK
1,1,2,12,3,YB0_S3,6,21,0,BLANK
-1,-1,3,12,3,YB0_S3,7,49,0,BLANK
1,1,3,12,3,YB0_S3,6,18,0,BLANK
-1,-1,4,12,3,YB0_S3,7,47,0,BLANK
1,1,4,12,3,YB0_S3,7,34,0,BLANK
-1,-1,5,12,3,YB-1_S3,6,16,-1,BLANK
1,1,5,12,3,YB+1_S3,6,16,1,BLANK
-1,-1,6,12,3,YB-1_S3,6,13,-1,BLANK
1,1,6,12,3,YB+1_S3,6,13,1,BLANK
-1,-1,7,12,3,YB-1_S3,6,10,-1,BLANK
1,1,7,12,3,YB+1_S3,6,10,1,BLANK
-1,-1,8,12,3,YB-1_S3,7,45,-1,BLANK
1,1,8,12,3,YB+1_S3,7,45,1,BLANK
-1,-1,9,12,3,YB-1_S3,7,42,-1,BLANK
1,1,9,12,3,YB+1_S3,7,42,1,BLANK
-1,-1,10,12,3,YB-1_S3,7,39,-1,BLANK
1,1,10,12,3,YB+1_S3,7,39,1,BLANK
-1,-1,11,12,3,YB-2_S3,7,42,-2,BLANK
1,1,11,12,3,YB+2_S3,7,42,2,BLANK
-1,-1,12,12,3,YB-2_S3,7,39,-2,BLANK
1,1,12,12,3,YB+2_S3,7,39,2,BLANK
-1,-1,13,12,3,YB-2_S3,7,36,-2,BLANK
1,1,13,12,3,YB+2_S3,7,36,2,BLANK
-1,-1,14,12,3,YB-2_S3,7,33,-2,BLANK
1,1,14,12,3,YB+2_S3,7,33,2,BLANK
-1,-1,15,12,3,YB-2_S3,7,30,-2,BLANK
1,1,15,12,3,YB+2_S3,7,30,2,BLANK
-1,-1,1,13,3,YB0_S3,7,45,0,BLANK
1,1,1,13,3,YB0_S3,6,14,0,BLANK
-1,-1,2,13,3,YB0_S3,6,15,0,BLANK
1,1,2,13,3,YB0_S3,6,9,0,BLANK
-1,-1,3,13,3,YB0_S3,7,46,0,BLANK
1,1,3,13,3,YB0_S3,6,8,0,BLANK
-1,-1,4,13,3,YB0_S3,7,44,0,BLANK
1,1,4,13,3,YB0_S3,7,31,0,BLANK
-1,-1,5,13,3,YB-1_S3,6,15,-1,BLANK
1,1,5,13,3,YB+1_S3,6,15,1,BLANK
-1,-1,6,13,3,YB-1_S3,6,12,-1,BLANK
1,1,6,13,3,YB+1_S3,6,12,1,BLANK
-1,-1,7,13,3,YB-1_S3,6,9,-1,BLANK
1,1,7,13,3,YB+1_S3,6,9,1,BLANK
-1,-1,8,13,3,YB-1_S3,7,44,-1,BLANK
1,1,8,13,3,YB+1_S3,7,44,1,BLANK
-1,-1,9,13,3,YB-1_S3,7,41,-1,BLANK
1,1,9,13,3,YB+1_S3,7,41,1,BLANK
-1,-1,10,13,3,YB-1_S3,7,38,-1,BLANK
1,1,10,13,3,YB+1_S3,7,38,1,BLANK
-1,-1,11,13,3,YB-2_S3,7,41,-2,BLANK
1,1,11,13,3,YB+2_S3,7,41,2,BLANK
-1,-1,12,13,3,YB-2_S3,7,38,-2,BLANK
1,1,12,13,3,YB+2_S3,7,38,2,BLANK
-1,-1,13,13,3,YB-2_S3,7,35,-2,BLANK
1,1,13,13,3,YB+2_S3,7,35,2,BLANK
-1,-1,14,13,3,YB-2_S3,7,32,-2,BLANK
1,1,14,13,3,YB+2_S3,7,32,2,BLANK
-1,-1,15,13,3,YB-2_S3,7,29,-2,BLANK
1,1,15,13,3,YB+2_S3,7,29,2,BLANK
-1,-1,1,14,3,YB0_S3,7,42,0,BLANK
1,1,1,14,3,YB0_S3,6,12,0,BLANK
-1,-1,2,14,3,YB0_S3,6,13,0,BLANK
1,1,2,14,3,YB0_S3,6,11,0,BLANK
-1,-1,3,14,3,YB0_S3,7,43,0,BLANK
1,1,3,14,3,YB0_S3,6,10,0,BLANK
-1,-1,4,14,3,YB0_S3,7,41,0,BLANK
1,1,4,14,3,YB0_S3,7,32,0,BLANK
-1,-1,5,14,3,YB-1_S3,6,8,-1,BLANK
1,1,5,14,3,YB+1_S3,6,8,1,BLANK
-1,-1,6,14,3,YB-1_S3,6,5,-1,BLANK
1,1,6,14,3,YB+1_S3,6,5,1,BLANK
-1,-1,7,14,3,YB-1_S3,6,2,-1,BLANK
1,1,7,14,3,YB+1_S3,6,2,1,BLANK
-1,-1,8,14,3,YB-1_S3,7,37,-1,BLANK
1,1,8,14,3,YB+1_S3,7,37,1,BLANK
-1,-1,9,14,3,YB-1_S3,7,34,-1,BLANK
1,1,9,14,3,YB+1_S3,7,34,1,BLANK
-1,-1,10,14,3,YB-1_S3,7,31,-1,BLANK
1,1,10,14,3,YB+1_S3,7,31,1,BLANK
-1,-1,11,14,3,YB-2_S3,6,14,-2,BLANK
1,1,11,14,3,YB+2_S3,6,14,2,BLANK
-1,-1,12,14,3,YB-2_S3,6,11,-2,BLANK
1,1,12,14,3,YB+2_S3,6,11,2,BLANK
-1,-1,13,14,3,YB-2_S3,6,8,-2,BLANK
1,1,13,14,3,YB+2_S3,6,8,2,BLANK
-1,-1,14,14,3,YB-2_S3,6,5,-2,BLANK
1,1,14,14,3,YB+2_S3,6,5,2,BLANK
-1,-1,15,14,3,YB-2_S3,6,2,-2,BLANK
1,1,15,14,3,YB+2_S3,6,2,2,BLANK
-1,-1,1,15,3,YB0_S3,7,39,0,BLANK
1,1,1,15,3,YB0_S3,6,6,0,BLANK
-1,-1,2,15,3,YB0_S3,6,7,0,BLANK
1,1,2,15,3,YB0_S3,6,1,0,BLANK
-1,-1,3,15,3,YB0_S3,7,40,0,BLANK
1,1,3,15,3,YB0_S3,6,0,0,BLANK
-1,-1,4,15,3,YB0_S3,7,38,0,BLANK
1,1,4,15,3,YB0_S3,7,29,0,BLANK
-1,-1,5,15,3,YB-1_S3,6,7,-1,BLANK
1,1,5,15,3,YB+1_S3,6,7,1,BLANK
-1,-1,6,15,3,YB-1_S3,6,4,-1,BLANK
1,1,6,15,3,YB+1_S3,6,4,1,BLANK
-1,-1,7,15,3,YB-1_S3,6,1,-1,BLANK
1,1,7,15,3,YB+1_S3,6,1,1,BLANK
-1,-1,8,15,3,YB-1_S3,7,36,-1,BLANK
1,1,8,15,3,YB+1_S3,7,36,1,BLANK
-1,-1,9,15,3,YB-1_S3,7,33,-1,BLANK
1,1,9,15,3,YB+1_S3,7,33,1,BLANK
-1,-1,10,15,3,YB-1_S3,7,30,-1,BLANK
1,1,10,15,3,YB+1_S3,7,30,1,BLANK
-1,-1,11,15,3,YB-2_S3,6,13,-2,BLANK
1,1,11,15,3,YB+2_S3,6,13,2,BLANK
-1,-1,12,15,3,YB-2_S3,6,10,-2,BLANK
1,1,12,15,3,YB+2_S3,6,10,2,BLANK
-1,-1,13,15,3,YB-2_S3,6,7,-2,BLANK
1,1,13,15,3,YB+2_S3,6,7,2,BLANK
-1,-1,14,15,3,YB-2_S3,6,4,-2,BLANK
1,1,14,15,3,YB+2_S3,6,4,2,BLANK
-1,-1,15,15,3,YB-2_S3,6,1,-2,BLANK
1,1,15,15,3,YB+2_S3,6,1,2,BLANK
-1,-1,1,16,3,YB0_S3,7,36,0,BLANK
1,1,1,16,3,YB0_S3,6,3,0,BLANK
-1,-1,2,16,3,YB0_S3,6,4,0,BLANK
1,1,2,16,3,YB0_S3,6,5,0,BLANK
-1,-1,3,16,3,YB0_S3,7,37,0,BLANK
1,1,3,16,3,YB0_S3,6,2,0,BLANK
-1,-1,4,16,3,YB0_S3,7,35,0,BLANK
1,1,4,16,3,YB0_S3,7,30,0,BLANK
-1,-1,5,16,3,YB-1_S3,6,6,-1,BLANK
1,1,5,16,3,YB+1_S3,6,6,1,BLANK
-1,-1,6,16,3,YB-1_S3,6,3,-1,BLANK
1,1,6,16,3,YB+1_S3,6,3,1,BLANK
-1,-1,7,16,3,YB-1_S3,6,0,-1,BLANK
1,1,7,16,3,YB+1_S3,6,0,1,BLANK
-1,-1,8,16,3,YB-1_S3,7,35,-1,BLANK
1,1,8,16,3,YB+1_S3,7,35,1,BLANK
-1,-1,9,16,3,YB-1_S3,7,32,-1,BLANK
1,1,9,16,3,YB+1_S3,7,32,1,BLANK
-1,-1,10,16,3,YB-1_S3,7,29,-1,BLANK
1,1,10,16,3,YB+1_S3,7,29,1,BLANK
-1,-1,11,16,3,YB-2_S3,6,12,-2,BLANK
1,1,11,16,3,YB+2_S3,6,12,2,BLANK
-1,-1,12,16,3,YB-2_S3,6,9,-2,BLANK
1,1,12,16,3,YB+2_S3,6,9,2,BLANK
-1,-1,13,16,3,YB-2_S3,6,6,-2,BLANK
1,1,13,16,3,YB+2_S3,6,6,2,BLANK
-1,-1,14,16,3,YB-2_S3,6,3,-2,BLANK
1,1,14,16,3,YB+2_S3,6,3,2,BLANK
-1,-1,15,16,3,YB-2_S3,6,0,-2,BLANK
1,1,15,16,3,YB+2_S3,6,0,2,BLANK
-1,-1,1,17,4,YB0_S4,6,22,0,BLANK
1,1,1,17,4,YB0_S4,7,52,0,BLANK
-1,-1,2,17,4,YB0_S4,6,23,0,BLANK
1,1,2,17,4,YB0_S4,6,21,0,BLANK
-1,-1,3,17,4,YB0_S4,6,18,0,BLANK
1,1,3,17,4,YB0_S4,7,51,0,BLANK
-1,-1,4,17,4,YB0_S4,7,34,0,BLANK
1,1,4,17,4,YB0_S4,7,50,0,BLANK
-1,-1,5,17,4,YB-1_S4,6,15,-1,BLANK
1,1,5,17,4,YB+1_S4,6,15,1,BLANK
-1,-1,6,17,4,YB-1_S4,6,12,-1,BLANK
1,1,6,17,4,YB+1_S4,6,12,1,BLANK
-1,-1,7,17,4,YB-1_S4,6,9,-1,BLANK
1,1,7,17,4,YB+1_S4,6,9,1,BLANK
-1,-1,8,17,4,YB-1_S4,7,44,-1,BLANK
1,1,8,17,4,YB+1_S4,7,44,1,BLANK
-1,-1,9,17,4,YB-1_S4,7,41,-1,BLANK
1,1,9,17,4,YB+1_S4,7,41,1,BLANK
-1,-1,10,17,4,YB-1_S4,7,38,-1,BLANK
1,1,10,17,4,YB+1_S4,7,38,1,BLANK
-1,-1,11,17,4,YB-2_S4,7,41,-2,BLANK
1,1,11,17,4,YB+2_S4,7,41,2,BLANK
-1,-1,12,17,4,YB-2_S4,7,38,-2,BLANK
1,1,12,17,4,YB+2_S4,7,38,2,BLANK
-1,-1,13,17,4,YB-2_S4,7,35,-2,BLANK
1,1,13,17,4,YB+2_S4,7,35,2,BLANK
-1,-1,14,17,4,YB-2_S4,7,32,-2,BLANK
1,1,14,17,4,YB+2_S4,7,32,2,BLANK
-1,-1,15,17,4,YB-2_S4,7,29,-2,BLANK
1,1,15,17,4,YB+2_S4,7,29,2,BLANK
-1,-1,1,18,4,YB0_S4,6,20,0,BLANK
1,1,1,18,4,YB0_S4,7,49,0,BLANK
-1,-1,2,18,4,YB0_S4,6,17,0,BLANK
1,1,2,18,4,YB0_S4,6,19,0,BLANK
-1,-1,3,18,4,YB0_S4,6,16,0,BLANK
1,1,3,18,4,YB0_S4,7,48,0,BLANK
-1,-1,4,18,4,YB0_S4,7,33,0,BLANK
1,1,4,18,4,YB0_S4,7,47,0,BLANK
-1,-1,5,18,4,YB-1_S4,6,16,-1,BLANK
1,1,5,18,4,YB+1_S4,6,16,1,BLANK
-1,-1,6,18,4,YB-1_S4,6,13,-1,BLANK
1,1,6,18,4,YB+1_S4,6,13,1,BLANK
-1,-1,7,18,4,YB-1_S4,6,10,-1,BLANK
1,1,7,18,4,YB+1_S4,6,10,1,BLANK
-1,-1,8,18,4,YB-1_S4,7,45,-1,BLANK
1,1,8,18,4,YB+1_S4,7,45,1,BLANK
-1,-1,9,18,4,YB-1_S4,7,42,-1,BLANK
1,1,9,18,4,YB+1_S4,7,42,1,BLANK
-1,-1,10,18,4,YB-1_S4,7,39,-1,BLANK
1,1,10,18,4,YB+1_S4,7,39,1,BLANK
-1,-1,11,18,4,YB-2_S4,7,42,-2,BLANK
1,1,11,18,4,YB+2_S4,7,42,2,BLANK
-1,-1,12,18,4,YB-2_S4,7,39,-2,BLANK
1,1,12,18,4,YB+2_S4,7,39,2,BLANK
-1,-1,13,18,4,YB-2_S4,7,36,-2,BLANK
1,1,13,18,4,YB+2_S4,7,36,2,BLANK
-1,-1,14,18,4,YB-2_S4,7,33,-2,BLANK
1,1,14,18,4,YB+2_S4,7,33,2,BLANK
-1,-1,15,18,4,YB-2_S4,7,30,-2,BLANK
1,1,15,18,4,YB+2_S4,7,30,2,BLANK
-1,-1,1,19,4,YB0_S4,6,14,0,BLANK
1,1,1,19,4,YB0_S4,7,46,0,BLANK
-1,-1,2,19,4,YB0_S4,6,15,0,BLANK
1,1,2,19,4,YB0_S4,6,13,0,BLANK
-1,-1,3,19,4,YB0_S4,6,10,0,BLANK
1,1,3,19,4,YB0_S4,7,45,0,BLANK
-1,-1,4,19,4,YB0_S4,7,32,0,BLANK
1,1,4,19,4,YB0_S4,7,44,0,BLANK
-1,-1,5,19,4,YB-1_S4,6,17,-1,BLANK
1,1,5,19,4,YB+1_S4,6,17,1,BLANK
-1,-1,6,19,4,YB-1_S4,6,14,-1,BLANK
1,1,6,19,4,YB+1_S4,6,14,1,BLANK
-1,-1,7,19,4,YB-1_S4,6,11,-1,BLANK
1,1,7,19,4,YB+1_S4,6,11,1,BLANK
-1,-1,8,19,4,YB-1_S4,7,46,-1,BLANK
1,1,8,19,4,YB+1_S4,7,46,1,BLANK
-1,-1,9,19,4,YB-1_S4,7,43,-1,BLANK
1,1,9,19,4,YB+1_S4,7,43,1,BLANK
-1,-1,10,19,4,YB-1_S4,7,40,-1,BLANK
1,1,10,19,4,YB+1_S4,7,40,1,BLANK
-1,-1,11,19,4,YB-2_S4,7,43,-2,BLANK
1,1,11,19,4,YB+2_S4,7,43,2,BLANK
-1,-1,12,19,4,YB-2_S4,7,40,-2,BLANK
1,1,12,19,4,YB+2_S4,7,40,2,BLANK
-1,-1,13,19,4,YB-2_S4,7,37,-2,BLANK
1,1,13,19,4,YB+2_S4,7,37,2,BLANK
-1,-1,14,19,4,YB-2_S4,7,34,-2,BLANK
1,1,14,19,4,YB+2_S4,7,34,2,BLANK
-1,-1,15,19,4,YB-2_S4,7,31,-2,BLANK
1,1,15,19,4,YB+2_S4,7,31,2,BLANK
-1,-1,1,20,4,YB0_S4,6,12,0,BLANK
1,1,1,20,4,YB0_S4,7,43,0,BLANK
-1,-1,2,20,4,YB0_S4,6,9,0,BLANK
1,1,2,20,4,YB0_S4,6,11,0,BLANK
-1,-1,3,20,4,YB0_S4,6,8,0,BLANK
1,1,3,20,4,YB0_S4,7,42,0,BLANK
-1,-1,4,20,4,YB0_S4,7,31,0,BLANK
1,1,4,20,4,YB0_S4,7,41,0,BLANK
-1,-1,5,20,4,YB-1_S4,6,6,-1,BLANK
1,1,5,20,4,YB+1_S4,6,6,1,BLANK
-1,-1,6,20,4,YB-1_S4,6,3,-1,BLANK
1,1,6,20,4,YB+1_S4,6,3,1,BLANK
-1,-1,7,20,4,YB-1_S4,6,0,-1,BLANK
1,1,7,20,4,YB+1_S4,6,0,1,BLANK
-1,-1,8,20,4,YB-1_S4,7,35,-1,BLANK
1,1,8,20,4,YB+1_S4,7,35,1,BLANK
-1,-1,9,20,4,YB-1_S4,7,32,-1,BLANK
1,1,9,20,4,YB+1_S4,7,32,1,BLANK
-1,-1,10,20,4,YB-1_S4,7,29,-1,BLANK
1,1,10,20,4,YB+1_S4,7,29,1,BLANK
-1,-1,11,20,4,YB-2_S4,6,12,-2,BLANK
1,1,11,20,4,YB+2_S4,6,12,2,BLANK
-1,-1,12,20,4,YB-2_S4,6,9,-2,BLANK
1,1,12,20,4,YB+2_S4,6,9,2,BLANK
-1,-1,13,20,4,YB-2_S4,6,6,-2,BLANK
1,1,13,20,4,YB+2_S4,6,6,2,BLANK
-1,-1,14,20,4,YB-2_S4,6,3,-2,BLANK
1,1,14,20,4,YB+2_S4,6,3,2,BLANK
-1,-1,15,20,4,YB-2_S4,6,0,-2,BLANK
1,1,15,20,4,YB+2_S4,6,0,2,BLANK
-1,-1,1,21,4,YB0_S4,6,6,0,BLANK
1,1,1,21,4,YB0_S4,7,40,0,BLANK
-1,-1,2,21,4,YB0_S4,6,7,0,BLANK
1,1,2,21,4,YB0_S4,6,5,0,BLANK
-1,-1,3,21,4,YB0_S4,6,2,0,BLANK
1,1,3,21,4,YB0_S4,7,39,0,BLANK
-1,-1,4,21,4,YB0_S4,7,30,0,BLANK
1,1,4,21,4,YB0_S4,7,38,0,BLANK
-1,-1,5,21,4,YB-1_S4,6,7,-1,BLANK
1,1,5,21,4,YB+1_S4,6,7,1,BLANK
-1,-1,6,21,4,YB-1_S4,6,4,-1,BLANK
1,1,6,21,4,YB+1_S4,6,4,1,BLANK
-1,-1,7,21,4,YB-1_S4,6,1,-1,BLANK
1,1,7,21,4,YB+1_S4,6,1,1,BLANK
-1,-1,8,21,4,YB-1_S4,7,36,-1,BLANK
1,1,8,21,4,YB+1_S4,7,36,1,BLANK
-1,-1,9,21,4,YB-1_S4,7,33,-1,BLANK
1,1,9,21,4,YB+1_S4,7,33,1,BLANK
-1,-1,10,21,4,YB-1_S4,7,30,-1,BLANK
1,1,10,21,4,YB+1_S4,7,30,1,BLANK
-1,-1,11,21,4,YB-2_S4,6,13,-2,BLANK
1,1,11,21,4,YB+2_S4,6,13,2,BLANK
-1,-1,12,21,4,YB-2_S4,6,10,-2,BLANK
1,1,12,21,4,YB+2_S4,6,10,2,BLANK
-1,-1,13,21,4,YB-2_S4,6,7,-2,BLANK
1,1,13,21,4,YB+2_S4,6,7,2,BLANK
-1,-1,14,21,4,YB-2_S4,6,4,-2,BLANK
1,1,14,21,4,YB+2_S4,6,4,2,BLANK
-1,-1,15,21,4,YB-2_S4,6,1,-2,BLANK
1,1,15,21,4,YB+2_S4,6,1,2,BLANK
-1,-1,1,22,4,YB0_S4,6,4,0,BLANK
1,1,1,22,4,YB0_S4,7,37,0,BLANK
-1,-1,2,22,4,YB0_S4,6,1,0,BLANK
1,1,2,22,4,YB0_S4,6,3,0,BLANK
-1,-1,3,22,4,YB0_S4,6,0,0,BLANK
1,1,3,22,4,YB0_S4,7,36,0,BLANK
-1,-1,4,22,4,YB0_S4,7,29,0,BLANK
1,1,4,22,4,YB0_S4,7,35,0,BLANK
-1,-1,5,22,4,YB-1_S4,6,8,-1,BLANK
1,1,5,22,4,YB+1_S4,6,8,1,BLANK
-1,-1,6,22,4,YB-1_S4,6,5,-1,BLANK
1,1,6,22,4,YB+1_S4,6,5,1,BLANK
-1,-1,7,22,4,YB-1_S4,6,2,-1,BLANK
1,1,7,22,4,YB+1_S4,6,2,1,BLANK
-1,-1,8,22,4,YB-1_S4,7,37,-1,BLANK
1,1,8,22,4,YB+1_S4,7,37,1,BLANK
-1,-1,9,22,4,YB-1_S4,7,34,-1,BLANK
1,1,9,22,4,YB+1_S4,7,34,1,BLANK
-1,-1,10,22,4,YB-1_S4,7,31,-1,BLANK
1,1,10,22,4,YB+1_S4,7,31,1,BLANK
-1,-1,11,22,4,YB-2_S4,6,14,-2,BLANK
1,1,11,22,4,YB+2_S4,6,14,2,BLANK
-1,-1,12,22,4,YB-2_S4,6,11,-2,BLANK
1,1,12,22,4,YB+2_S4,6,11,2,BLANK
-1,-1,13,22,4,YB-2_S4,6,8,-2,BLANK
1,1,13,22,4,YB+2_S4,6,8,2,BLANK
-1,-1,14,22,4,YB-2_S4,6,5,-2,BLANK
1,1,14,22,4,YB+2_S4,6,5,2,BLANK
-1,-1,15,22,4,YB-2_S4,6,2,-2,BLANK
1,1,15,22,4,YB+2_S4,6,2,2,BLANK
-1,-1,1,23,5,YB0_S5,6,22,0,BLANK
1,1,1,23,5,YB0_S5,7,52,0,BLANK
-1,-1,2,23,5,YB0_S5,6,23,0,BLANK
1,1,2,23,5,YB0_S5,6,21,0,BLANK
-1,-1,3,23,5,YB0_S5,6,18,0,BLANK
1,1,3,23,5,YB0_S5,7,51,0,BLANK
-1,-1,4,23,5,YB0_S5,7,34,0,BLANK
1,1,4,23,5,YB0_S5,7,50,0,BLANK
-1,-1,5,23,5,YB-1_S5,6,17,-1,BLANK
1,1,5,23,5,YB+1_S5,6,17,1,BLANK
-1,-1,6,23,5,YB-1_S5,6,14,-1,BLANK
1,1,6,23,5,YB+1_S5,6,14,1,BLANK
-1,-1,7,23,5,YB-1_S5,6,11,-1,BLANK
1,1,7,23,5,YB+1_S5,6,11,1,BLANK
-1,-1,8,23,5,YB-1_S5,7,46,-1,BLANK
1,1,8,23,5,YB+1_S5,7,46,1,BLANK
-1,-1,9,23,5,YB-1_S5,7,43,-1,BLANK
1,1,9,23,5,YB+1_S5,7,43,1,BLANK
-1,-1,10,23,5,YB-1_S5,7,40,-1,BLANK
1,1,10,23,5,YB+1_S5,7,40,1,BLANK
-1,-1,11,23,5,YB-2_S5,7,43,-2,BLANK
1,1,11,23,5,YB+2_S5,7,43,2,BLANK
-1,-1,12,23,5,YB-2_S5,7,40,-2,BLANK
1,1,12,23,5,YB+2_S5,7,40,2,BLANK
-1,-1,13,23,5,YB-2_S5,7,37,-2,BLANK
1,1,13,23,5,YB+2_S5,7,37,2,BLANK
-1,-1,14,23,5,YB-2_S5,7,34,-2,BLANK
1,1,14,23,5,YB+2_S5,7,34,2,BLANK
-1,-1,15,23,5,YB-2_S5,7,31,-2,BLANK
1,1,15,23,5,YB+2_S5,7,31,2,BLANK
-1,-1,1,24,5,YB0_S5,6,20,0,BLANK
1,1,1,24,5,YB0_S5,7,49,0,BLANK
-1,-1,2,24,5,YB0_S5,6,17,0,BLANK
1,1,2,24,5,YB0_S5,6,19,0,BLANK
-1,-1,3,24,5,YB0_S5,6,16,0,BLANK
1,1,3,24,5,YB0_S5,7,48,0,BLANK
-1,-1,4,24,5,YB0_S5,7,33,0,BLANK
1,1,4,24,5,YB0_S5,7,47,0,BLANK
-1,-1,5,24,5,YB-1_S5,6,16,-1,BLANK
1,1,5,24,5,YB+1_S5,6,16,1,BLANK
-1,-1,6,24,5,YB-1_S5,6,13,-1,BLANK
1,1,6,24,5,YB+1_S5,6,13,1,BLANK
-1,-1,7,24,5,YB-1_S5,6,10,-1,BLANK
1,1,7,24,5,YB+1_S5,6,10,1,BLANK
-1,-1,8,24,5,YB-1_S5,7,45,-1,BLANK
1,1,8,24,5,YB+1_S5,7,45,1,BLANK
-1,-1,9,24,5,YB-1_S5,7,42,-1,BLANK
1,1,9,24,5,YB+1_S5,7,42,1,BLANK
-1,-1,10,24,5,YB-1_S5,7,39,-1,BLANK
1,1,10,24,5,YB+1_S5,7,39,1,BLANK
-1,-1,11,24,5,YB-2_S5,7,42,-2,BLANK
1,1,11,24,5,YB+2_S5,7,42,2,BLANK
-1,-1,12,24,5,YB-2_S5,7,39,-2,BLANK
1,1,12,24,5,YB+2_S5,7,39,2,BLANK
-1,-1,13,24,5,YB-2_S5,7,36,-2,BLANK
1,1,13,24,5,YB+2_S5,7,36,2,BLANK
-1,-1,14,24,5,YB-2_S5,7,33,-2,BLANK
1,1,14,24,5,YB+2_S5,7,33,2,BLANK
-1,-1,15,24,5,YB-2_S5,7,30,-2,BLANK
1,1,15,24,5,YB+2_S5,7,30,2,BLANK
-1,-1,1,25,5,YB0_S5,6,14,0,BLANK
1,1,1,25,5,YB0_S5,7,46,0,BLANK
-1,-1,2,25,5,YB0_S5,6,15,0,BLANK
1,1,2,25,5,YB0_S5,6,13,0,BLANK
-1,-1,3,25,5,YB0_S5,6,10,0,BLANK
1,1,3,25,5,YB0_S5,7,45,0,BLANK
-1,-1,4,25,5,YB0_S5,7,32,0,BLANK
1,1,4,25,5,YB0_S5,7,44,0,BLANK
-1,-1,5,25,5,YB-1_S5,6,15,-1,BLANK
1,1,5,25,5,YB+1_S5,6,15,1,BLANK
-1,-1,6,25,5,YB-1_S5,6,12,-1,BLANK
1,1,6,25,5,YB+1_S5,6,12,1,BLANK
-1,-1,7,25,5,YB-1_S5,6,9,-1,BLANK
1,1,7,25,5,YB+1_S5,6,9,1,BLANK
-1,-1,8,25,5,YB-1_S5,7,44,-1,BLANK
1,1,8,25,5,YB+1_S5,7,44,1,BLANK
-1,-1,9,25,5,YB-1_S5,7,41,-1,BLANK
1,1,9,25,5,YB+1_S5,7,41,1,BLANK
-1,-1,10,25,5,YB-1_S5,7,38,-1,BLANK
1,1,10,25,5,YB+1_S5,7,38,1,BLANK
-1,-1,11,25,5,YB-2_S5,7,41,-2,BLANK
1,1,11,25,5,YB+2_S5,7,41,2,BLANK
-1,-1,12,25,5,YB-2_S5,7,38,-2,BLANK
1,1,12,25,5,YB+2_S5,7,38,2,BLANK
-1,-1,13,25,5,YB-2_S5,7,35,-2,BLANK
1,1,13,25,5,YB+2_S5,7,35,2,BLANK
-1,-1,14,25,5,YB-2_S5,7,32,-2,BLANK
1,1,14,25,5,YB+2_S5,7,32,2,BLANK
-1,-1,15,25,5,YB-2_S5,7,29,-2,BLANK
1,1,15,25,5,YB+2_S5,7,29,2,BLANK
-1,-1,1,26,5,YB0_S5,6,12,0,BLANK
1,1,1,26,5,YB0_S5,7,43,0,BLANK
-1,-1,2,26,5,YB0_S5,6,9,0,BLANK
1,1,2,26,5,YB0_S5,6,11,0,BLANK
-1,-1,3,26,5,YB0_S5,6,8,0,BLANK
1,1,3,26,5,YB0_S5,7,42,0,BLANK
-1,-1,4,26,5,YB0_S5,7,31,0,BLANK
1,1,4,26,5,YB0_S5,7,41,0,BLANK
-1,-1,5,26,5,YB-1_S5,6,8,-1,BLANK
1,1,5,26,5,YB+1_S5,6,8,1,BLANK
-1,-1,6,26,5,YB-1_S5,6,5,-1,BLANK
1,1,6,26,5,YB+1_S5,6,5,1,BLANK
-1,-1,7,26,5,YB-1_S5,6,2,-1,BLANK
1,1,7,26,5,YB+1_S5,6,2,1,BLANK
-1,-1,8,26,5,YB-1_S5,7,37,-1,BLANK
1,1,8,26,5,YB+1_S5,7,37,1,BLANK
-1,-1,9,26,5,YB-1_S5,7,34,-1,BLANK
1,1,9,26,5,YB+1_S5,7,34,1,BLANK
-1,-1,10,26,5,YB-1_S5,7,31,-1,BLANK
1,1,10,26,5,YB+1_S5,7,31,1,BLANK
-1,-1,11,26,5,YB-2_S5,6,14,-2,BLANK
1,1,11,26,5,YB+2_S5,6,14,2,BLANK
-1,-1,12,26,5,YB-2_S5,6,11,-2,BLANK
1,1,12,26,5,YB+2_S5,6,11,2,BLANK
-1,-1,13,26,5,YB-2_S5,6,8,-2,BLANK
1,1,13,26,5,YB+2_S5,6,8,2,BLANK
-1,-1,14,26,5,YB-2_S5,6,5,-2,BLANK
1,1,14,26,5,YB+2_S5,6,5,2,BLANK
-1,-1,15,26,5,YB-2_S5,6,2,-2,BLANK
1,1,15,26,5,YB+2_S5,6,2,2,BLANK
-1,-1,1,27,5,YB0_S5,6,6,0,BLANK
1,1,1,27,5,YB0_S5,7,40,0,BLANK
-1,-1,2,27,5,YB0_S5,6,7,0,BLANK
1,1,2,27,5,YB0_S5,6,5,0,BLANK
-1,-1,3,27,5,YB0_S5,6,2,0,BLANK
1,1,3,27,5,YB0_S5,7,39,0,BLANK
-1,-1,4,27,5,YB0_S5,7,30,0,BLANK
1,1,4,27,5,YB0_S5,7,38,0,BLANK
-1,-1,5,27,5,YB-1_S5,6,7,-1,BLANK
1,1,5,27,5,YB+1_S5,6,7,1,BLANK
-1,-1,6,27,5,YB-1_S5,6,4,-1,BLANK
1,1,6,27,5,YB+1_S5,6,4,1,BLANK
-1,-1,7,27,5,YB-1_S5,6,1,-1,BLANK
1,1,7,27,5,YB+1_S5,6,1,1,BLANK
-1,-1,8,27,5,YB-1_S5,7,36,-1,BLANK
1,1,8,27,5,YB+1_S5,7,36,1,BLANK
-1,-1,9,27,5,YB-1_S5,7,33,-1,BLANK
1,1,9,27,5,YB+1_S5,7,33,1,BLANK
-1,-1,10,27,5,YB-1_S5,7,30,-1,BLANK
1,1,10,27,5,YB+1_S5,7,30,1,BLANK
-1,-1,11,27,5,YB-2_S5,6,13,-2,BLANK
1,1,11,27,5,YB+2_S5,6,13,2,BLANK
-1,-1,12,27,5,YB-2_S5,6,10,-2,BLANK
1,1,12,27,5,YB+2_S5,6,10,2,BLANK
-1,-1,13,27,5,YB-2_S5,6,7,-2,BLANK
1,1,13,27,5,YB+2_S5,6,7,2,BLANK
-1,-1,14,27,5,YB-2_S5,6,4,-2,BLANK
1,1,14,27,5,YB+2_S5,6,4,2,BLANK
-1,-1,15,27,5,YB-2_S5,6,1,-2,BLANK
1,1,15,27,5,YB+2_S5,6,1,2,BLANK
-1,-1,1,28,5,YB0_S5,6,4,0,BLANK
1,1,1,28,5,YB0_S5,7,37,0,BLANK
-1,-1,2,28,5,YB0_S5,6,1,0,BLANK
1,1,2,28,5,YB0_S5,6,3,0,BLANK
-1,-1,3,28,5,YB0_S5,6,0,0,BLANK
1,1,3,28,5,YB0_S5,7,36,0,BLANK
-1,-1,4,28,5,YB0_S5,7,29,0,BLANK
1,1,4,28,5,YB0_S5,7,35,0,BLANK
-1,-1,5,28,5,YB-1_S5,6,6,-1,BLANK
1,1,5,28,5,YB+1_S5,6,6,1,BLANK
-1,-1,6,28,5,YB-1_S5,6,3,-1,BLANK
1,1,6,28,5,YB+1_S5,6,3,1,BLANK
-1,-1,7,28,5,YB-1_S5,6,0,-1,BLANK
1,1,7,28,5,YB+1_S5,6,0,1,BLANK
-1,-1,8,28,5,YB-1_S5,7,35,-1,BLANK
1,1,8,28,5,YB+1_S5,7,35,1,BLANK
-1,-1,9,28,5,YB-1_S5,7,32,-1,BLANK
1,1,9,28,5,YB+1_S5,7,32,1,BLANK
-1,-1,10,28,5,YB-1_S5,7,29,-1,BLANK
1,1,10,28,5,YB+1_S5,7,29,1,BLANK
-1,-1,11,28,5,YB-2_S5,6,12,-2,BLANK
1,1,11,28,5,YB+2_S5,6,12,2,BLANK
-1,-1,12,28,5,YB-2_S5,6,9,-2,BLANK
1,1,12,28,5,YB+2_S5,6,9,2,BLANK
-1,-1,13,28,5,YB-2_S5,6,6,-2,BLANK
1,1,13,28,5,YB+2_S5,6,6,2,BLANK
-1,-1,14,28,5,YB-2_S5,6,3,-2,BLANK
1,1,14,28,5,YB+2_S5,6,3,2,BLANK
-1,-1,15,28,5,YB-2_S5,6,0,-2,BLANK
1,1,15,28,5,YB+2_S5,6,0,2,BLANK
-1,-1,1,29,6,YB0_S6,7,49,0,BLANK
1,1,1,29,6,YB0_S6,6,22,0,BLANK
-1,-1,2,29,6,YB0_S6,6,23,0,BLANK
1,1,2,29,6,YB0_S6,6,17,0,BLANK
-1,-1,3,29,6,YB0_S6,7,48,0,BLANK
1,1,3,29,6,YB0_S6,6,16,0,BLANK
-1,-1,4,29,6,YB0_S6,7,47,0,BLANK
1,1,4,29,6,YB0_S6,7,33,0,BLANK
-1,-1,5,29,6,YB-1_S6,6,15,-1,BLANK
1,1,5,29,6,YB+1_S6,6,15,1,BLANK
-1,-1,6,29,6,YB-1_S6,6,12,-1,BLANK
1,1,6,29,6,YB+1_S6,6,12,1,BLANK
-1,-1,7,29,6,YB-1_S6,6,9,-1,BLANK
1,1,7,29,6,YB+1_S6,6,9,1,BLANK
-1,-1,8,29,6,YB-1_S6,7,44,-1,BLANK
1,1,8,29,6,YB+1_S6,7,44,1,BLANK
-1,-1,9,29,6,YB-1_S6,7,41,-1,BLANK
1,1,9,29,6,YB+1_S6,7,41,1,BLANK
-1,-1,10,29,6,YB-1_S6,7,38,-1,BLANK
1,1,10,29,6,YB+1_S6,7,38,1,BLANK
-1,-1,11,29,6,YB-2_S6,7,41,-2,BLANK
1,1,11,29,6,YB+2_S6,7,41,2,BLANK
-1,-1,12,29,6,YB-2_S6,7,38,-2,BLANK
1,1,12,29,6,YB+2_S6,7,38,2,BLANK
-1,-1,13,29,6,YB-2_S6,7,35,-2,BLANK
1,1,13,29,6,YB+2_S6,7,35,2,BLANK
-1,-1,14,29,6,YB-2_S6,7,32,-2,BLANK
1,1,14,29,6,YB+2_S6,7,32,2,BLANK
-1,-1,15,29,6,YB-2_S6,7,29,-2,BLANK
1,1,15,29,6,YB+2_S6,7,29,2,BLANK
-1,-1,1,30,6,YB0_S6,7,52,0,BLANK
1,1,1,30,6,YB0_S6,6,19,0,BLANK
-1,-1,2,30,6,YB0_S6,6,20,0,BLANK
1,1,2,30,6,YB0_S6,6,21,0,BLANK
-1,-1,3,30,6,YB0_S6,7,51,0,BLANK
1,1,3,30,6,YB0_S6,6,18,0,BLANK
-1,-1,4,30,6,YB0_S6,7,50,0,BLANK
1,1,4,30,6,YB0_S6,7,34,0,BLANK
-1,-1,5,30,6,YB-1_S6,6,16,-1,BLANK
1,1,5,30,6,YB+1_S6,6,16,1,BLANK
-1,-1,6,30,6,YB-1_S6,6,13,-1,BLANK
1,1,6,30,6,YB+1_S6,6,13,1,BLANK
-1,-1,7,30,6,YB-1_S6,6,10,-1,BLANK
1,1,7,30,6,YB+1_S6,6,10,1,BLANK
-1,-1,8,30,6,YB-1_S6,7,45,-1,BLANK
1,1,8,30,6,YB+1_S6,7,45,1,BLANK
-1,-1,9,30,6,YB-1_S6,7,42,-1,BLANK
1,1,9,30,6,YB+1_S6,7,42,1,BLANK
-1,-1,10,30,6,YB-1_S6,7,39,-1,BLANK
1,1,10,30,6,YB+1_S6,7,39,1,BLANK
-1,-1,11,30,6,YB-2_S6,7,42,-2,BLANK
1,1,11,30,6,YB+2_S6,7,42,2,BLANK
-1,-1,12,30,6,YB-2_S6,7,39,-2,BLANK
1,1,12,30,6,YB+2_S6,7,39,2,BLANK
-1,-1,13,30,6,YB-2_S6,7,36,-2,BLANK
1,1,13,30,6,YB+2_S6,7,36,2,BLANK
-1,-1,14,30,6,YB-2_S6,7,33,-2,BLANK
1,1,14,30,6,YB+2_S6,7,33,2,BLANK
-1,-1,15,30,6,YB-2_S6,7,30,-2,BLANK
1,1,15,30,6,YB+2_S6,7,30,2,BLANK
-1,-1,1,31,6,YB0_S6,7,43,0,BLANK
1,1,1,31,6,YB0_S6,6,14,0,BLANK
-1,-1,2,31,6,YB0_S6,6,15,0,BLANK
1,1,2,31,6,YB0_S6,6,9,0,BLANK
-1,-1,3,31,6,YB0_S6,7,42,0,BLANK
1,1,3,31,6,YB0_S6,6,8,0,BLANK
-1,-1,4,31,6,YB0_S6,7,41,0,BLANK
1,1,4,31,6,YB0_S6,7,31,0,BLANK
-1,-1,5,31,6,YB-1_S6,6,17,-1,BLANK
1,1,5,31,6,YB+1_S6,6,17,1,BLANK
-1,-1,6,31,6,YB-1_S6,6,14,-1,BLANK
1,1,6,31,6,YB+1_S6,6,14,1,BLANK
-1,-1,7,31,6,YB-1_S6,6,11,-1,BLANK
1,1,7,31,6,YB+1_S6,6,11,1,BLANK
-1,-1,8,31,6,YB-1_S6,7,46,-1,BLANK
1,1,8,31,6,YB+1_S6,7,46,1,BLANK
-1,-1,9,31,6,YB-1_S6,7,43,-1,BLANK
1,1,9,31,6,YB+1_S6,7,43,1,BLANK
-1,-1,10,31,6,YB-1_S6,7,40,-1,BLANK
1,1,10,31,6,YB+1_S6,7,40,1,BLANK
-1,-1,11,31,6,YB-2_S6,7,43,-2,BLANK
1,1,11,31,6,YB+2_S6,7,43,2,BLANK
-1,-1,12,31,6,YB-2_S6,7,40,-2,BLANK
1,1,12,31,6,YB+2_S6,7,40,2,BLANK
-1,-1,13,31,6,YB-2_S6,7,37,-2,BLANK
1,1,13,31,6,YB+2_S6,7,37,2,BLANK
-1,-1,14,31,6,YB-2_S6,7,34,-2,BLANK
1,1,14,31,6,YB+2_S6,7,34,2,BLANK
-1,-1,15,31,6,YB-2_S6,7,31,-2,BLANK
1,1,15,31,6,YB+2_S6,7,31,2,BLANK
-1,-1,1,32,6,YB0_S6,7,46,0,BLANK
1,1,1,32,6,YB0_S6,6,12,0,BLANK
-1,-1,2,32,6,YB0_S6,6,13,0,BLANK
1,1,2,32,6,YB0_S6,6,11,0,BLANK
-1,-1,3,32,6,YB0_S6,7,45,0,BLANK
1,1,3,32,6,YB0_S6,6,10,0,BLANK
-1,-1,4,32,6,YB0_S6,7,44,0,BLANK
1,1,4,32,6,YB0_S6,7,32,0,BLANK
-1,-1,5,32,6,YB-1_S6,6,6,-1,BLANK
1,1,5,32,6,YB+1_S6,6,6,1,BLANK
-1,-1,6,32,6,YB-1_S6,6,3,-1,BLANK
1,1,6,32,6,YB+1_S6,6,3,1,BLANK
-1,-1,7,32,6,YB-1_S6,6,0,-1,BLANK
1,1,7,32,6,YB+1_S6,6,0,1,BLANK
-1,-1,8,32,6,YB-1_S6,7,35,-1,BLANK
1,1,8,32,6,YB+1_S6,7,35,1,BLANK
-1,-1,9,32,6,YB-1_S6,7,32,-1,BLANK
1,1,9,32,6,YB+1_S6,7,32,1,BLANK
-1,-1,10,32,6,YB-1_S6,7,29,-1,BLANK
1,1,10,32,6,YB+1_S6,7,29,1,BLANK
-1,-1,11,32,6,YB-2_S6,6,12,-2,BLANK
1,1,11,32,6,YB+2_S6,6,12,2,BLANK
-1,-1,12,32,6,YB-2_S6,6,9,-2,BLANK
1,1,12,32,6,YB+2_S6,6,9,2,BLANK
-1,-1,13,32,6,YB-2_S6,6,6,-2,BLANK
1,1,13,32,6,YB+2_S6,6,6,2,BLANK
-1,-1,14,32,6,YB-2_S6,6,3,-2,BLANK
1,1,14,32,6,YB+2_S6,6,3,2,BLANK
-1,-1,15,32,6,YB-2_S6,6,0,-2,BLANK
1,1,15,32,6,YB+2_S6,6,0,2,BLANK
-1,-1,1,33,6,YB0_S6,7,39,0,BLANK
1,1,1,33,6,YB0_S6,6,6,0,BLANK
-1,-1,2,33,6,YB0_S6,6,7,0,BLANK
1,1,2,33,6,YB0_S6,6,1,0,BLANK
-1,-1,3,33,6,YB0_S6,7,40,0,BLANK
1,1,3,33,6,YB0_S6,6,0,0,BLANK
-1,-1,4,33,6,YB0_S6,7,38,0,BLANK
1,1,4,33,6,YB0_S6,7,29,0,BLANK
-1,-1,5,33,6,YB-1_S6,6,7,-1,BLANK
1,1,5,33,6,YB+1_S6,6,7,1,BLANK
-1,-1,6,33,6,YB-1_S6,6,4,-1,BLANK
1,1,6,33,6,YB+1_S6,6,4,1,BLANK
-1,-1,7,33,6,YB-1_S6,6,1,-1,BLANK
1,1,7,33,6,YB+1_S6,6,1,1,BLANK
-1,-1,8,33,6,YB-1_S6,7,36,-1,BLANK
1,1,8,33,6,YB+1_S6,7,36,1,BLANK
-1,-1,9,33,6,YB-1_S6,7,33,-1,BLANK
1,1,9,33,6,YB+1_S6,7,33,1,BLANK
-1,-1,10,33,6,YB-1_S6,7,30,-1,BLANK
1,1,10,33,6,YB+1_S6,7,30,1,BLANK
-1,-1,11,33,6,YB-2_S6,6,13,-2,BLANK
1,1,11,33,6,YB+2_S6,6,13,2,BLANK
-1,-1,12,33,6,YB-2_S6,6,10,-2,BLANK
1,1,12,33,6,YB+2_S6,6,10,2,BLANK
-1,-1,13,33,6,YB-2_S6,6,7,-2,BLANK
1,1,13,33,6,YB+2_S6,6,7,2,BLANK
-1,-1,14,33,6,YB-2_S6,6,4,-2,BLANK
1,1,14,33,6,YB+2_S6,6,4,2,BLANK
-1,-1,15,33,6,YB-2_S6,6,1,-2,BLANK
1,1,15,33,6,YB+2_S6,6,1,2,BLANK
-1,-1,1,34,6,YB0_S6,7,36,0,BLANK
1,1,1,34,6,YB0_S6,6,3,0,BLANK
-1,-1,2,34,6,YB0_S6,6,4,0,BLANK
1,1,2,34,6,YB0_S6,6,5,0,BLANK
-1,-1,3,34,6,YB0_S6,7,37,0,BLANK
1,1,3,34,6,YB0_S6,6,2,0,BLANK
-1,-1,4,34,6,YB0_S6,7,35,0,BLANK
1,1,4,34,6,YB0_S6,7,30,0,BLANK
-1,-1,5,34,6,YB-1_S6,6,8,-1,BLANK
1,1,5,34,6,YB+1_S6,6,8,1,BLANK
-1,-1,6,34,6,YB-1_S6,6,5,-1,BLANK
1,1,6,34,6,YB+1_S6,6,5,1,BLANK
-1,-1,7,34,6,YB-1_S6,6,2,-1,BLANK
1,1,7,34,6,YB+1_S6,6,2,1,BLANK
-1,-1,8,34,6,YB-1_S6,7,37,-1,BLANK
1,1,8,34,6,YB+1_S6,7,37,1,BLANK
-1,-1,9,34,6,YB-1_S6,7,34,-1,BLANK
1,1,9,34,6,YB+1_S6,7,34,1,BLANK
-1,-1,10,34,6,YB-1_S6,7,31,-1,BLANK
1,1,10,34,6,YB+1_S6,7,31,1,BLANK
-1,-1,11,34,6,YB-2_S6,6,14,-2,BLANK
1,1,11,34,6,YB+2_S6,6,14,2,BLANK
-1,-1,12,34,6,YB-2_S6,6,11,-2,BLANK
1,1,12,34,6,YB+2_S6,6,11,2,BLANK
-1,-1,13,34,6,YB-2_S6,6,8,-2,BLANK
1,1,13,34,6,YB+2_S6,6,8,2,BLANK
-1,-1,14,34,6,YB-2_S6,6,5,-2,BLANK
1,1,14,34,6,YB+2_S6,6,5,2,BLANK
-1,-1,15,34,6,YB-2_S6,6,2,-2,BLANK
1,1,15,34,6,YB+2_S6,6,2,2,BLANK
-1,-1,1,35,7,YB0_S7,7,51,0,BLANK
1,1,1,35,7,YB0_S7,6,22,0,BLANK
-1,-1,2,35,7,YB0_S7,6,23,0,BLANK
1,1,2,35,7,YB0_S7,6,17,0,BLANK
-1,-1,3,35,7,YB0_S7,7,52,0,BLANK
1,1,3,35,7,YB0_S7,6,16,0,BLANK
-1,-1,4,35,7,YB0_S7,7,50,0,BLANK
1,1,4,35,7,YB0_S7,7,33,0,BLANK
-1,-1,5,35,7,YB-1_S7,6,17,-1,BLANK
1,1,5,35,7,YB+1_S7,6,17,1,BLANK
-1,-1,6,35,7,YB-1_S7,6,14,-1,BLANK
1,1,6,35,7,YB+1_S7,6,14,1,BLANK
-1,-1,7,35,7,YB-1_S7,6,11,-1,BLANK
1,1,7,35,7,YB+1_S7,6,11,1,BLANK
-1,-1,8,35,7,YB-1_S7,7,46,-1,BLANK
1,1,8,35,7,YB+1_S7,7,46,1,BLANK
-1,-1,9,35,7,YB-1_S7,7,43,-1,BLANK
1,1,9,35,7,YB+1_S7,7,43,1,BLANK
-1,-1,10,35,7,YB-1_S7,7,40,-1,BLANK
1,1,10,35,7,YB+1_S7,7,40,1,BLANK
-1,-1,11,35,7,YB-2_S7,7,43,-2,BLANK
1,1,11,35,7,YB+2_S7,7,43,2,BLANK
-1,-1,12,35,7,YB-2_S7,7,40,-2,BLANK
1,1,12,35,7,YB+2_S7,7,40,2,BLANK
-1,-1,13,35,7,YB-2_S7,7,37,-2,BLANK
1,1,13,35,7,YB+2_S7,7,37,2,BLANK
-1,-1,14,35,7,YB-2_S7,7,34,-2,BLANK
1,1,14,35,7,YB+2_S7,7,34,2,BLANK
-1,-1,15,35,7,YB-2_S7,7,31,-2,BLANK
1,1,15,35,7,YB+2_S7,7,31,2,BLANK
-1,-1,1,36,7,YB0_S7,7,48,0,BLANK
1,1,1,36,7,YB0_S7,6,19,0,BLANK
-1,-1,2,36,7,YB0_S7,6,20,0,BLANK
1,1,2,36,7,YB0_S7,6,21,0,BLANK
-1,-1,3,36,7,YB0_S7,7,49,0,BLANK
1,1,3,36,7,YB0_S7,6,18,0,BLANK
-1,-1,4,36,7,YB0_S7,7,47,0,BLANK
1,1,4,36,7,YB0_S7,7,34,0,BLANK
-1,-1,5,36,7,YB-1_S7,6,16,-1,BLANK
1,1,5,36,7,YB+1_S7,6,16,1,BLANK
-1,-1,6,36,7,YB-1_S7,6,13,-1,BLANK
1,1,6,36,7,YB+1_S7,6,13,1,BLANK
-1,-1,7,36,7,YB-1_S7,6,10,-1,BLANK
1,1,7,36,7,YB+1_S7,6,10,1,BLANK
-1,-1,8,36,7,YB-1_S7,7,45,-1,BLANK
1,1,8,36,7,YB+1_S7,7,45,1,BLANK
-1,-1,9,36,7,YB-1_S7,7,42,-1,BLANK
1,1,9,36,7,YB+1_S7,7,42,1,BLANK
-1,-1,10,36,7,YB-1_S7,7,39,-1,BLANK
1,1,10,36,7,YB+1_S7,7,39,1,BLANK
-1,-1,11,36,7,YB-2_S7,7,42,-2,BLANK
1,1,11,36,7,YB+2_S7,7,42,2,BLANK
-1,-1,12,36,7,YB-2_S7,7,39,-2,BLANK
1,1,12,36,7,YB+2_S7,7,39,2,BLANK
-1,-1,13,36,7,YB-2_S7,7,36,-2,BLANK
1,1,13,36,7,YB+2_S7,7,36,2,BLANK
-1,-1,14,36,7,YB-2_S7,7,33,-2,BLANK
1,1,14,36,7,YB+2_S7,7,33,2,BLANK
-1,-1,15,36,7,YB-2_S7,7,30,-2,BLANK
1,1,15,36,7,YB+2_S7,7,30,2,BLANK
-1,-1,1,37,7,YB0_S7,7,45,0,BLANK
1,1,1,37,7,YB0_S7,6,14,0,BLANK
-1,-1,2,37,7,YB0_S7,6,15,0,BLANK
1,1,2,37,7,YB0_S7,6,9,0,BLANK
-1,-1,3,37,7,YB0_S7,7,46,0,BLANK
1,1,3,37,7,YB0_S7,6,8,0,BLANK
-1,-1,4,37,7,YB0_S7,7,44,0,BLANK
1,1,4,37,7,YB0_S7,7,31,0,BLANK
-1,-1,5,37,7,YB-1_S7,6,15,-1,BLANK
1,1,5,37,7,YB+1_S7,6,15,1,BLANK
-1,-1,6,37,7,YB-1_S7,6,12,-1,BLANK
1,1,6,37,7,YB+1_S7,6,12,1,BLANK
-1,-1,7,37,7,YB-1_S7,6,9,-1,BLANK
1,1,7,37,7,YB+1_S7,6,9,1,BLANK
-1,-1,8,37,7,YB-1_S7,7,44,-1,BLANK
1,1,8,37,7,YB+1_S7,7,44,1,BLANK
-1,-1,9,37,7,YB-1_S7,7,41,-1,BLANK
1,1,9,37,7,YB+1_S7,7,41,1,BLANK
-1,-1,10,37,7,YB-1_S7,7,38,-1,BLANK
1,1,10,37,7,YB+1_S7,7,38,1,BLANK
-1,-1,11,37,7,YB-2_S7,7,41,-2,BLANK
1,1,11,37,7,YB+2_S7,7,41,2,BLANK
-1,-1,12,37,7,YB-2_S7,7,38,-2,BLANK
1,1,12,37,7,YB+2_S7,7,38,2,BLANK
-1,-1,13,37,7,YB-2_S7,7,35,-2,BLANK
1,1,13,37,7,YB+2_S7,7,35,2,BLANK
-1,-1,14,37,7,YB-2_S7,7,32,-2,BLANK
1,1,14,37,7,YB+2_S7,7,32,2,BLANK
-1,-1,15,37,7,YB-2_S7,7,29,-2,BLANK
1,1,15,37,7,YB+2_S7,7,29,2,BLANK
-1,-1,1,38,7,YB0_S7,7,42,0,BLANK
1,1,1,38,7,YB0_S7,6,12,0,BLANK
-1,-1,2,38,7,YB0_S7,6,13,0,BLANK
1,1,2,38,7,YB0_S7,6,11,0,BLANK
-1,-1,3,38,7,YB0_S7,7,43,0,BLANK
1,1,3,38,7,YB0_S7,6,10,0,BLANK
-1,-1,4,38,7,YB0_S7,7,41,0,BLANK
1,1,4,38,7,YB0_S7,7,32,0,BLANK
-1,-1,5,38,7,YB-1_S7,6,8,-1,BLANK
1,1,5,38,7,YB+1_S7,6,8,1,BLANK
-1,-1,6,38,7,YB-1_S7,6,5,-1,BLANK
1,1,6,38,7,YB+1_S7,6,5,1,BLANK
-1,-1,7,38,7,YB-1_S7,6,2,-1,BLANK
1,1,7,38,7,YB+1_S7,6,2,1,BLANK
-1,-1,8,38,7,YB-1_S7,7,37,-1,BLANK
1,1,8,38,7,YB+1_S7,7,37,1,BLANK
-1,-1,9,38,7,YB-1_S7,7,34,-1,BLANK
1,1,9,38,7,YB+1_S7,7,34,1,BLANK
-1,-1,10,38,7,YB-1_S7,7,31,-1,BLANK
1,1,10,38,7,YB+1_S7,7,31,1,BLANK
-1,-1,11,38,7,YB-2_S7,6,14,-2,BLANK
1,1,11,38,7,YB+2_S7,6,14,2,BLANK
-1,-1,12,38,7,YB-2_S7,6,11,-2,BLANK
1,1,12,38,7,YB+2_S7,6,11,2,BLANK
-1,-1,13,38,7,YB-2_S7,6,8,-2,BLANK
1,1,13,38,7,YB+2_S7,6,8,2,BLANK
-1,-1,14,38,7,YB-2_S7,6,5,-2,BLANK
1,1,14,38,7,YB+2_S7,6,5,2,BLANK
-1,-1,15,38,7,YB-2_S7,6,2,-2,BLANK
1,1,15,38,7,YB+2_S7,6,2,2,BLANK
-1,-1,1,39,7,YB0_S7,7,39,0,BLANK
1,1,1,39,7,YB0_S7,6,6,0,BLANK
-1,-1,2,39,7,YB0_S7,6,7,0,BLANK
1,1,2,39,7,YB0_S7,6,1,0,BLANK
-1,-1,3,39,7,YB0_S7,7,40,0,BLANK
1,1,3,39,7,YB0_S7,6,0,0,BLANK
-1,-1,4,39,7,YB0_S7,7,38,0,BLANK
1,1,4,39,7,YB0_S7,7,29,0,BLANK
-1,-1,5,39,7,YB-1_S7,6,7,-1,BLANK
1,1,5,39,7,YB+1_S7,6,7,1,BLANK
-1,-1,6,39,7,YB-1_S7,6,4,-1,BLANK
1,1,6,39,7,YB+1_S7,6,4,1,BLANK
-1,-1,7,39,7,YB-1_S7,6,1,-1,BLANK
1,1,7,39,7,YB+1_S7,6,1,1,BLANK
-1,-1,8,39,7,YB-1_S7,7,36,-1,BLANK
1,1,8,39,7,YB+1_S7,7,36,1,BLANK
-1,-1,9,39,7,YB-1_S7,7,33,-1,BLANK
1,1,9,39,7,YB+1_S7,7,33,1,BLANK
-1,-1,10,39,7,YB-1_S7,7,30,-1,BLANK
1,1,10,39,7,YB+1_S7,7,30,1,BLANK
-1,-1,11,39,7,YB-2_S7,6,13,-2,BLANK
1,1,11,39,7,YB+2_S7,6,13,2,BLANK
-1,-1,12,39,7,YB-2_S7,6,10,-2,BLANK
1,1,12,39,7,YB+2_S7,6,10,2,BLANK
-1,-1,13,39,7,YB-2_S7,6,7,-2,BLANK
1,1,13,39,7,YB+2_S7,6,7,2,BLANK
-1,-1,14,39,7,YB-2_S7,6,4,-2,BLANK
1,1,14,39,7,YB+2_S7,6,4,2,BLANK
-1,-1,15,39,7,YB-2_S7,6,1,-2,BLANK
1,1,15,39,7,YB+2_S7,6,1,2,BLANK
-1,-1,1,40,7,YB0_S7,7,36,0,BLANK
1,1,1,40,7,YB0_S7,6,3,0,BLANK
-1,-1,2,40,7,YB0_S7,6,4,0,BLANK
1,1,2,40,7,YB0_S7,6,5,0,BLANK
-1,-1,3,40,7,YB0_S7,7,37,0,BLANK
1,1,3,40,7,YB0_S7,6,2,0,BLANK
-1,-1,4,40,7,YB0_S7,7,35,0,BLANK
1,1,4,40,7,YB0_S7,7,30,0,BLANK
-1,-1,5,40,7,YB-1_S7,6,6,-1,BLANK
1,1,5,40,7,YB+1_S7,6,6,1,BLANK
-1,-1,6,40,7,YB-1_S7,6,3,-1,BLANK
1,1,6,40,7,YB+1_S7,6,3,1,BLANK
-1,-1,7,40,7,YB-1_S7,6,0,-1,BLANK
1,1,7,40,7,YB+1_S7,6,0,1,BLANK
-1,-1,8,40,7,YB-1_S7,7,35,-1,BLANK
1,1,8,40,7,YB+1_S7,7,35,1,BLANK
-1,-1,9,40,7,YB-1_S7,7,32,-1,BLANK
1,1,9,40,7,YB+1_S7,7,32,1,BLANK
-1,-1,10,40,7,YB-1_S7,7,29,-1,BLANK
1,1,10,40,7,YB+1_S7,7,29,1,BLANK
-1,-1,11,40,7,YB-2_S7,6,12,-2,BLANK
1,1,11,40,7,YB+2_S7,6,12,2,BLANK
-1,-1,12,40,7,YB-2_S7,6,9,-2,BLANK
1,1,12,40,7,YB+2_S7,6,9,2,BLANK
-1,-1,13,40,7,YB-2_S7,6,6,-2,BLANK
1,1,13,40,7,YB+2_S7,6,6,2,BLANK
-1,-1,14,40,7,YB-2_S7,6,3,-2,BLANK
1,1,14,40,7,YB+2_S7,6,3,2,BLANK
-1,-1,15,40,7,YB-2_S7,6,0,-2,BLANK
1,1,15,40,7,YB+2_S7,6,0,2,BLANK
-1,-1,1,41,8,YB0_S8,6,22,0,BLANK
1,1,1,41,8,YB0_S8,7,52,0,BLANK
-1,-1,2,41,8,YB0_S8,6,23,0,BLANK
1,1,2,41,8,YB0_S8,6,21,0,BLANK
-1,-1,3,41,8,YB0_S8,6,18,0,BLANK
1,1,3,41,8,YB0_S8,7,51,0,BLANK
-1,-1,4,41,8,YB0_S8,7,34,0,BLANK
1,1,4,41,8,YB0_S8,7,50,0,BLANK
-1,-1,5,41,8,YB-1_S8,6,15,-1,BLANK
1,1,5,41,8,YB+1_S8,6,15,1,BLANK
-1,-1,6,41,8,YB-1_S8,6,12,-1,BLANK
1,1,6,41,8,YB+1_S8,6,12,1,BLANK
-1,-1,7,41,8,YB-1_S8,6,9,-1,BLANK
1,1,7,41,8,YB+1_S8,6,9,1,BLANK
-1,-1,8,41,8,YB-1_S8,7,44,-1,BLANK
1,1,8,41,8,YB+1_S8,7,44,1,BLANK
-1,-1,9,41,8,YB-1_S8,7,41,-1,BLANK
1,1,9,41,8,YB+1_S8,7,41,1,BLANK
-1,-1,10,41,8,YB-1_S8,7,38,-1,BLANK
1,1,10,41,8,YB+1_S8,7,38,1,BLANK
-1,-1,11,41,8,YB-2_S8,7,41,-2,BLANK
1,1,11,41,8,YB+2_S8,7,41,2,BLANK
-1,-1,12,41,8,YB-2_S8,7,38,-2,BLANK
1,1,12,41,8,YB+2_S8,7,38,2,BLANK
-1,-1,13,41,8,YB-2_S8,7,35,-2,BLANK
1,1,13,41,8,YB+2_S8,7,35,2,BLANK
-1,-1,14,41,8,YB-2_S8,7,32,-2,BLANK
1,1,14,41,8,YB+2_S8,7,32,2,BLANK
-1,-1,15,41,8,YB-2_S8,7,29,-2,BLANK
1,1,15,41,8,YB+2_S8,7,29,2,BLANK
-1,-1,1,42,8,YB0_S8,6,20,0,BLANK
1,1,1,42,8,YB0_S8,7,49,0,BLANK
-1,-1,2,42,8,YB0_S8,6,17,0,BLANK
1,1,2,42,8,YB0_S8,6,19,0,BLANK
-1,-1,3,42,8,YB0_S8,6,16,0,BLANK
1,1,3,42,8,YB0_S8,7,48,0,BLANK
-1,-1,4,42,8,YB0_S8,7,33,0,BLANK
1,1,4,42,8,YB0_S8,7,47,0,BLANK
-1,-1,5,42,8,YB-1_S8,6,16,-1,BLANK
1,1,5,42,8,YB+1_S8,6,16,1,BLANK
-1,-1,6,42,8,YB-1_S8,6,13,-1,BLANK
1,1,6,42,8,YB+1_S8,6,13,1,BLANK
-1,-1,7,42,8,YB-1_S8,6,10,-1,BLANK
1,1,7,42,8,YB+1_S8,6,10,1,BLANK
-1,-1,8,42,8,YB-1_S8,7,45,-1,BLANK
1,1,8,42,8,YB+1_S8,7,45,1,BLANK
-1,-1,9,42,8,YB-1_S8,7,42,-1,BLANK
1,1,9,42,8,YB+1_S8,7,42,1,BLANK
-1,-1,10,42,8,YB-1_S8,7,39,-1,BLANK
1,1,10,42,8,YB+1_S8,7,39,1,BLANK
-1,-1,11,42,8,YB-2_S8,7,42,-2,BLANK
1,1,11,42,8,YB+2_S8,7,42,2,BLANK
-1,-1,12,42,8,YB-2_S8,7,39,-2,BLANK
1,1,12,42,8,YB+2_S8,7,39,2,BLANK
-1,-1,13,42,8,YB-2_S8,7,36,-2,BLANK
1,1,13,42,8,YB+2_S8,7,36,2,BLANK
-1,-1,14,42,8,YB-2_S8,7,33,-2,BLANK
1,1,14,42,8,YB+2_S8,7,33,2,BLANK
-1,-1,15,42,8,YB-2_S8,7,30,-2,BLANK
1,1,15,42,8,YB+2_S8,7,30,2,BLANK
-1,-1,1,43,8,YB0_S8,6,14,0,BLANK
1,1,1,43,8,YB0_S8,7,46,0,BLANK
-1,-1,2,43,8,YB0_S8,6,15,0,BLANK
1,1,2,43,8,YB0_S8,6,13,0,BLANK
-1,-1,3,43,8,YB0_S8,6,10,0,BLANK
1,1,3,43,8,YB0_S8,7,45,0,BLANK
-1,-1,4,43,8,YB0_S8,7,32,0,BLANK
1,1,4,43,8,YB0_S8,7,44,0,BLANK
-1,-1,5,43,8,YB-1_S8,6,17,-1,BLANK
1,1,5,43,8,YB+1_S8,6,17,1,BLANK
-1,-1,6,43,8,YB-1_S8,6,14,-1,BLANK
1,1,6,43,8,YB+1_S8,6,14,1,BLANK
-1,-1,7,43,8,YB-1_S8,6,11,-1,BLANK
1,1,7,43,8,YB+1_S8,6,11,1,BLANK
-1,-1,8,43,8,YB-1_S8,7,46,-1,BLANK
1,1,8,43,8,YB+1_S8,7,46,1,BLANK
-1,-1,9,43,8,YB-1_S8,7,43,-1,BLANK
1,1,9,43,8,YB+1_S8,7,43,1,BLANK
-1,-1,10,43,8,YB-1_S8,7,40,-1,BLANK
1,1,10,43,8,YB+1_S8,7,40,1,BLANK
-1,-1,11,43,8,YB-2_S8,7,43,-2,BLANK
1,1,11,43,8,YB+2_S8,7,43,2,BLANK
-1,-1,12,43,8,YB-2_S8,7,40,-2,BLANK
1,1,12,43,8,YB+2_S8,7,40,2,BLANK
-1,-1,13,43,8,YB-2_S8,7,37,-2,BLANK
1,1,13,43,8,YB+2_S8,7,37,2,BLANK
-1,-1,14,43,8,YB-2_S8,7,34,-2,BLANK
1,1,14,43,8,YB+2_S8,7,34,2,BLANK
-1,-1,15,43,8,YB-2_S8,7,31,-2,BLANK
1,1,15,43,8,YB+2_S8,7,31,2,BLANK
-1,-1,1,44,8,YB0_S8,6,12,0,BLANK
1,1,1,44,8,YB0_S8,7,43,0,BLANK
-1,-1,2,44,8,YB0_S8,6,9,0,BLANK
1,1,2,44,8,YB0_S8,6,11,0,BLANK
-1,-1,3,44,8,YB0_S8,6,8,0,BLANK
1,1,3,44,8,YB0_S8,7,42,0,BLANK
-1,-1,4,44,8,YB0_S8,7,31,0,BLANK
1,1,4,44,8,YB0_S8,7,41,0,BLANK
-1,-1,5,44,8,YB-1_S8,6,6,-1,BLANK
1,1,5,44,8,YB+1_S8,6,6,1,BLANK
-1,-1,6,44,8,YB-1_S8,6,3,-1,BLANK
1,1,6,44,8,YB+1_S8,6,3,1,BLANK
-1,-1,7,44,8,YB-1_S8,6,0,-1,BLANK
1,1,7,44,8,YB+1_S8,6,0,1,BLANK
-1,-1,8,44,8,YB-1_S8,7,35,-1,BLANK
1,1,8,44,8,YB+1_S8,7,35,1,BLANK
-1,-1,9,44,8,YB-1_S8,7,32,-1,BLANK
1,1,9,44,8,YB+1_S8,7,32,1,BLANK
-1,-1,10,44,8,YB-1_S8,7,29,-1,BLANK
1,1,10,44,8,YB+1_S8,7,29,1,BLANK
-1,-1,11,44,8,YB-2_S8,6,12,-2,BLANK
1,1,11,44,8,YB+2_S8,6,12,2,BLANK
-1,-1,12,44,8,YB-2_S8,6,9,-2,BLANK
1,1,12,44,8,YB+2_S8,6,9,2,BLANK
-1,-1,13,44,8,YB-2_S8,6,6,-2,BLANK
1,1,13,44,8,YB+2_S8,6,6,2,BLANK
-1,-1,14,44,8,YB-2_S8,6,3,-2,BLANK
1,1,14,44,8,YB+2_S8,6,3,2,BLANK
-1,-1,15,44,8,YB-2_S8,6,0,-2,BLANK
1,1,15,44,8,YB+2_S8,6,0,2,BLANK
-1,-1,1,45,8,YB0_S8,6,6,0,BLANK
1,1,1,45,8,YB0_S8,7,40,0,BLANK
-1,-1,2,45,8,YB0_S8,6,7,0,BLANK
1,1,2,45,8,YB0_S8,6,5,0,BLANK
-1,-1,3,45,8,YB0_S8,6,2,0,BLANK
1,1,3,45,8,YB0_S8,7,39,0,BLANK
-1,-1,4,45,8,YB0_S8,7,30,0,BLANK
1,1,4,45,8,YB0_S8,7,38,0,BLANK
-1,-1,5,45,8,YB-1_S8,6,7,-1,BLANK
1,1,5,45,8,YB+1_S8,6,7,1,BLANK
-1,-1,6,45,8,YB-1_S8,6,4,-1,BLANK
1,1,6,45,8,YB+1_S8,6,4,1,BLANK
-1,-1,7,45,8,YB-1_S8,6,1,-1,BLANK
1,1,7,45,8,YB+1_S8,6,1,1,BLANK
-1,-1,8,45,8,YB-1_S8,7,36,-1,BLANK
1,1,8,45,8,YB+1_S8,7,36,1,BLANK
-1,-1,9,45,8,YB-1_S8,7,33,-1,BLANK
1,1,9,45,8,YB+1_S8,7,33,1,BLANK
-1,-1,10,45,8,YB-1_S8,7,30,-1,BLANK
1,1,10,45,8,YB+1_S8,7,30,1,BLANK
-1,-1,11,45,8,YB-2_S8,6,13,-2,BLANK
1,1,11,45,8,YB+2_S8,6,13,2,BLANK
-1,-1,12,45,8,YB-2_S8,6,10,-2,BLANK
1,1,12,45,8,YB+2_S8,6,10,2,BLANK
-1,-1,13,45,8,YB-2_S8,6,7,-2,BLANK
1,1,13,45,8,YB+2_S8,6,7,2,BLANK
-1,-1,14,45,8,YB-2_S8,6,4,-2,BLANK
1,1,14,45,8,YB+2_S8,6,4,2,BLANK
-1,-1,15,45,8,YB-2_S8,6,1,-2,BLANK
1,1,15,45,8,YB+2_S8,6,1,2,BLANK
-1,-1,1,46,8,YB0_S8,6,4,0,BLANK
1,1,1,46,8,YB0_S8,7,37,0,BLANK
-1,-1,2,46,8,YB0_S8,6,1,0,BLANK
1,1,2,46,8,YB0_S8,6,3,0,BLANK
-1,-1,3,46,8,YB0_S8,6,0,0,BLANK
1,1,3,46,8,YB0_S8,7,36,0,BLANK
-1,-1,4,46,8,YB0_S8,7,29,0,BLANK
1,1,4,46,8,YB0_S8,7,35,0,BLANK
-1,-1,5,46,8,YB-1_S8,6,8,-1,BLANK
1,1,5,46,8,YB+1_S8,6,8,1,BLANK
-1,-1,6,46,8,YB-1_S8,6,5,-1,BLANK
1,1,6,46,8,YB+1_S8,6,5,1,BLANK
-1,-1,7,46,8,YB-1_S8,6,2,-1,BLANK
1,1,7,46,8,YB+1_S8,6,2,1,BLANK
-1,-1,8,46,8,YB-1_S8,7,37,-1,BLANK
1,1,8,46,8,YB+1_S8,7,37,1,BLANK
-1,-1,9,46,8,YB-1_S8,7,34,-1,BLANK
1,1,9,46,8,YB+1_S8,7,34,1,BLANK
-1,-1,10,46,8,YB-1_S8,7,31,-1,BLANK
1,1,10,46,8,YB+1_S8,7,31,1,BLANK
-1,-1,11,46,8,YB-2_S8,6,14,-2,BLANK
1,1,11,46,8,YB+2_S8,6,14,2,BLANK
-1,-1,12,46,8,YB-2_S8,6,11,-2,BLANK
1,1,12,46,8,YB+2_S8,6,11,2,BLANK
-1,-1,13,46,8,YB-2_S8,6,8,-2,BLANK
1,1,13,46,8,YB+2_S8,6,8,2,BLANK
-1,-1,14,46,8,YB-2_S8,6,5,-2,BLANK
1,1,14,46,8,YB+2_S8,6,5,2,BLANK
-1,-1,15,46,8,YB-2_S8,6,2,-2,BLANK
1,1,15,46,8,YB+2_S8,6,2,2,BLANK
-1,-1,1,47,9,YB0_S9,6,22,0,BLANK
1,1,1,47,9,YB0_S9,7,52,0,BLANK
-1,-1,2,47,9,YB0_S9,6,23,0,BLANK
1,1,2,47,9,YB0_S9,6,21,0,BLANK
-1,-1,3,47,9,YB0_S9,6,18,0,BLANK
1,1,3,47,9,YB0_S9,7,51,0,BLANK
-1,-1,4,47,9,YB0_S9,7,34,0,BLANK
1,1,4,47,9,YB0_S9,7,50,0,BLANK
-1,-1,5,47,9,YB-1_S9,6,17,-1,BLANK
1,1,5,47,9,YB+1_S9,6,17,1,BLANK
-1,-1,6,47,9,YB-1_S9,6,14,-1,BLANK
1,1,6,47,9,YB+1_S9,6,14,1,BLANK
-1,-1,7,47,9,YB-1_S9,6,11,-1,BLANK
1,1,7,47,9,YB+1_S9,6,11,1,BLANK
-1,-1,8,47,9,YB-1_S9,7,46,-1,BLANK
1,1,8,47,9,YB+1_S9,7,46,1,BLANK
-1,-1,9,47,9,YB-1_S9,7,43,-1,BLANK
1,1,9,47,9,YB+1_S9,7,43,1,BLANK
-1,-1,10,47,9,YB-1_S9,7,40,-1,BLANK
1,1,10,47,9,YB+1_S9,7,40,1,BLANK
-1,-1,11,47,9,YB-2_S9,7,43,-2,BLANK
1,1,11,47,9,YB+2_S9,7,43,2,BLANK
-1,-1,12,47,9,YB-2_S9,7,40,-2,BLANK
1,1,12,47,9,YB+2_S9,7,40,2,BLANK
-1,-1,13,47,9,YB-2_S9,7,37,-2,BLANK
1,1,13,47,9,YB+2_S9,7,37,2,BLANK
-1,-1,14,47,9,YB-2_S9,7,34,-2,BLANK
1,1,14,47,9,YB+2_S9,7,34,2,BLANK
-1,-1,15,47,9,YB-2_S9,7,31,-2,BLANK
1,1,15,47,9,YB+2_S9,7,31,2,BLANK
-1,-1,1,48,9,YB0_S9,6,20,0,BLANK
1,1,1,48,9,YB0_S9,7,49,0,BLANK
-1,-1,2,48,9,YB0_S9,6,17,0,BLANK
1,1,2,48,9,YB0_S9,6,19,0,BLANK
-1,-1,3,48,9,YB0_S9,6,16,0,BLANK
1,1,3,48,9,YB0_S9,7,48,0,BLANK
-1,-1,4,48,9,YB0_S9,7,33,0,BLANK
1,1,4,48,9,YB0_S9,7,47,0,BLANK
-1,-1,5,48,9,YB-1_S9,6,16,-1,BLANK
1,1,5,48,9,YB+1_S9,6,16,1,BLANK
-1,-1,6,48,9,YB-1_S9,6,13,-1,BLANK
1,1,6,48,9,YB+1_S9,6,13,1,BLANK
-1,-1,7,48,9,YB-1_S9,6,10,-1,BLANK
1,1,7,48,9,YB+1_S9,6,10,1,BLANK
-1,-1,8,48,9,YB-1_S9,7,45,-1,BLANK
1,1,8,48,9,YB+1_S9,7,45,1,BLANK
-1,-1,9,48,9,YB-1_S9,7,42,-1,BLANK
1,1,9,48,9,YB+1_S9,7,42,1,BLANK
-1,-1,10,48,9,YB-1_S9,7,39,-1,BLANK
1,1,10,48,9,YB+1_S9,7,39,1,BLANK
-1,-1,11,48,9,YB-2_S9,7,42,-2,BLANK
1,1,11,48,9,YB+2_S9,7,42,2,BLANK
-1,-1,12,48,9,YB-2_S9,7,39,-2,BLANK
1,1,12,48,9,YB+2_S9,7,39,2,BLANK
-1,-1,13,48,9,YB-2_S9,7,36,-2,BLANK
1,1,13,48,9,YB+2_S9,7,36,2,BLANK
-1,-1,14,48,9,YB-2_S9,7,33,-2,BLANK
1,1,14,48,9,YB+2_S9,7,33,2,BLANK
-1,-1,15,48,9,YB-2_S9,7,30,-2,BLANK
1,1,15,48,9,YB+2_S9,7,30,2,BLANK
-1,-1,1,49,9,YB0_S9,6,14,0,BLANK
1,1,1,49,9,YB0_S9,7,46,0,BLANK
-1,-1,2,49,9,YB0_S9,6,15,0,BLANK
1,1,2,49,9,YB0_S9,6,13,0,BLANK
-1,-1,3,49,9,YB0_S9,6,10,0,BLANK
1,1,3,49,9,YB0_S9,7,45,0,BLANK
-1,-1,4,49,9,YB0_S9,7,32,0,BLANK
1,1,4,49,9,YB0_S9,7,44,0,BLANK
-1,-1,5,49,9,YB-1_S9,6,15,-1,BLANK
1,1,5,49,9,YB+1_S9,6,15,1,BLANK
-1,-1,6,49,9,YB-1_S9,6,12,-1,BLANK
1,1,6,49,9,YB+1_S9,6,12,1,BLANK
-1,-1,7,49,9,YB-1_S9,6,9,-1,BLANK
1,1,7,49,9,YB+1_S9,6,9,1,BLANK
-1,-1,8,49,9,YB-1_S9,7,44,-1,BLANK
1,1,8,49,9,YB+1_S9,7,44,1,BLANK
-1,-1,9,49,9,YB-1_S9,7,41,-1,BLANK
1,1,9,49,9,YB+1_S9,7,41,1,BLANK
-1,-1,10,49,9,YB-1_S9,7,38,-1,BLANK
1,1,10,49,9,YB+1_S9,7,38,1,BLANK
-1,-1,11,49,9,YB-2_S9,7,41,-2,BLANK
1,1,11,49,9,YB+2_S9,7,41,2,BLANK
-1,-1,12,49,9,YB-2_S9,7,38,-2,BLANK
1,1,12,49,9,YB+2_S9,7,38,2,BLANK
-1,-1,13,49,9,YB-2_S9,7,35,-2,BLANK
1,1,13,49,9,YB+2_S9,7,35,2,BLANK
-1,-1,14,49,9,YB-2_S9,7,32,-2,BLANK
1,1,14,49,9,YB+2_S9,7,32,2,BLANK
-1,-1,15,49,9,YB-2_S9,7,29,-2,BLANK
1,1,15,49,9,YB+2_S9,7,29,2,BLANK
-1,-1,1,50,9,YB0_S9,6,12,0,BLANK
1,1,1,50,9,YB0_S9,7,43,0,BLANK
-1,-1,2,50,9,YB0_S9,6,9,0,BLANK
1,1,2,50,9,YB0_S9,6,11,0,BLANK
-1,-1,3,50,9,YB0_S9,6,8,0,BLANK
1,1,3,50,9,YB0_S9,7,42,0,BLANK
-1,-1,4,50,9,YB0_S9,7,31,0,BLANK
1,1,4,50,9,YB0_S9,7,41,0,BLANK
-1,-1,5,50,9,YB-1_S9,6,8,-1,BLANK
1,1,5,50,9,YB+1_S9,6,8,1,BLANK
-1,-1,6,50,9,YB-1_S9,6,5,-1,BLANK
1,1,6,50,9,YB+1_S9,6,5,1,BLANK
-1,-1,7,50,9,YB-1_S9,6,2,-1,BLANK
1,1,7,50,9,YB+1_S9,6,2,1,BLANK
-1,-1,8,50,9,YB-1_S9,7,37,-1,BLANK
1,1,8,50,9,YB+1_S9,7,37,1,BLANK
-1,-1,9,50,9,YB-1_S9,7,34,-1,BLANK
1,1,9,50,9,YB+1_S9,7,34,1,BLANK
-1,-1,10,50,9,YB-1_S9,7,31,-1,BLANK
1,1,10,50,9,YB+1_S9,7,31,1,BLANK
-1,-1,11,50,9,YB-2_S9,6,14,-2,BLANK
1,1,11,50,9,YB+2_S9,6,14,2,BLANK
-1,-1,12,50,9,YB-2_S9,6,11,-2,BLANK
1,1,12,50,9,YB+2_S9,6,11,2,BLANK
-1,-1,13,50,9,YB-2_S9,6,8,-2,BLANK
1,1,13,50,9,YB+2_S9,6,8,2,BLANK
-1,-1,14,50,9,YB-2_S9,6,5,-2,BLANK
1,1,14,50,9,YB+2_S9,6,5,2,BLANK
-1,-1,15,50,9,YB-2_S9,6,2,-2,BLANK
1,1,15,50,9,YB+2_S9,6,2,2,BLANK
-1,-1,1,51,9,YB0_S9,6,6,0,BLANK
1,1,1,51,9,YB0_S9,7,40,0,BLANK
-1,-1,2,51,9,YB0_S9,6,7,0,BLANK
1,1,2,51,9,YB0_S9,6,5,0,BLANK
-1,-1,3,51,9,YB0_S9,6,2,0,BLANK
1,1,3,51,9,YB0_S9,7,39,0,BLANK
-1,-1,4,51,9,YB0_S9,7,30,0,BLANK
1,1,4,51,9,YB0_S9,7,38,0,BLANK
-1,-1,5,51,9,YB-1_S9,6,7,-1,BLANK
1,1,5,51,9,YB+1_S9,6,7,1,BLANK
-1,-1,6,51,9,YB-1_S9,6,4,-1,BLANK
1,1,6,51,9,YB+1_S9,6,4,1,BLANK
-1,-1,7,51,9,YB-1_S9,6,1,-1,BLANK
1,1,7,51,9,YB+1_S9,6,1,1,BLANK
-1,-1,8,51,9,YB-1_S9,7,36,-1,BLANK
1,1,8,51,9,YB+1_S9,7,36,1,BLANK
-1,-1,9,51,9,YB-1_S9,7,33,-1,BLANK
1,1,9,51,9,YB+1_S9,7,33,1,BLANK
-1,-1,10,51,9,YB-1_S9,7,30,-1,BLANK
1,1,10,51,9,YB+1_S9,7,30,1,BLANK
-1,-1,11,51,9,YB-2_S9,6,13,-2,BLANK
1,1,11,51,9,YB+2_S9,6,13,2,BLANK
-1,-1,12,51,9,YB-2_S9,6,10,-2,BLANK
1,1,12,51,9,YB+2_S9,6,10,2,BLANK
-1,-1,13,51,9,YB-2_S9,6,7,-2,BLANK
1,1,13,51,9,YB+2_S9,6,7,2,BLANK
-1,-1,14,51,9,YB-2_S9,6,4,-2,BLANK
1,1,14,51,9,YB+2_S9,6,4,2,BLANK
-1,-1,15,51,9,YB-2_S9,6,1,-2,BLANK
1,1,15,51,9,YB+2_S9,6,1,2,BLANK
-1,-1,1,52,9,YB0_S9,6,4,0,BLANK
1,1,1,52,9,YB0_S9,7,37,0,BLANK
-1,-1,2,52,9,YB0_S9,6,1,0,BLANK
1,1,2,52,9,YB0_S9,6,3,0,BLANK
-1,-1,3,52,9,YB0_S9,6,0,0,BLANK
1,1,3,52,9,YB0_S9,7,36,0,BLANK
-1,-1,4,52,9,YB0_S9,7,29,0,BLANK
1,1,4,52,9,YB0_S9,7,35,0,BLANK
-1,-1,5,52,9,YB-1_S9,6,6,-1,BLANK
1,1,5,52,9,YB+1_S9,6,6,1,BLANK
-1,-1,6,52,9,YB-1_S9,6,3,-1,BLANK
1,1,6,52,9,YB+1_S9,6,3,1,BLANK
-1,-1,7,52,9,YB-1_S9,6,0,-1,BLANK
1,1,7,52,9,YB+1_S9,6,0,1,BLANK
-1,-1,8,52,9,YB-1_S9,7,35,-1,BLANK
1,1,8,52,9,YB+1_S9,7,35,1,BLANK
-1,-1,9,52,9,YB-1_S9,7,32,-1,BLANK
1,1,9,52,9,YB+1_S9,7,32,1,BLANK
-1,-1,10,52,9,YB-1_S9,7,29,-1,BLANK
1,1,10,52,9,YB+1_S9,7,29,1,BLANK
-1,-1,11,52,9,YB-2_S9,6,12,-2,BLANK
1,1,11,52,9,YB+2_S9,6,12,2,BLANK
-1,-1,12,52,9,YB-2_S9,6,9,-2,BLANK
1,1,12,52,9,YB+2_S9,6,9,2,BLANK
-1,-1,13,52,9,YB-2_S9,6,6,-2,BLANK
1,1,13,52,9,YB+2_S9,6,6,2,BLANK
-1,-1,14,52,9,YB-2_S9,6,3,-2,BLANK
1,1,14,52,9,YB+2_S9,6,3,2,BLANK
-1,-1,15,52,9,YB-2_S9,6,0,-2,BLANK
1,1,15,52,9,YB+2_S9,6,0,2,BLANK
-1,-1,1,53,10,YB0_S10,7,51,0,BLANK
1,1,1,53,10,YB0_S10,6,22,0,BLANK
-1,-1,2,53,10,YB0_S10,6,23,0,BLANK
1,1,2,53,10,YB0_S10,6,17,0,BLANK
-1,-1,3,53,10,YB0_S10,7,52,0,BLANK
1,1,3,53,10,YB0_S10,6,16,0,BLANK
-1,-1,4,53,10,YB0_S10,7,50,0,BLANK
1,1,4,53,10,YB0_S10,7,33,0,BLANK
-1,-1,5,53,10,YB-1_S10,6,15,-1,BLANK
1,1,5,53,10,YB+1_S10,6,15,1,BLANK
-1,-1,6,53,10,YB-1_S10,6,12,-1,BLANK
1,1,6,53,10,YB+1_S10,6,12,1,BLANK
-1,-1,7,53,10,YB-1_S10,6,9,-1,BLANK
1,1,7,53,10,YB+1_S10,6,9,1,BLANK
-1,-1,8,53,10,YB-1_S10,7,44,-1,BLANK
1,1,8,53,10,YB+1_S10,7,44,1,BLANK
-1,-1,9,53,10,YB-1_S10,7,41,-1,BLANK
1,1,9,53,10,YB+1_S10,7,41,1,BLANK
-1,-1,10,53,10,YB-1_S10,7,38,-1,BLANK
1,1,10,53,10,YB+1_S10,7,38,1,BLANK
-1,-1,11,53,10,YB-2_S10,7,41,-2,BLANK
1,1,11,53,10,YB+2_S10,7,41,2,BLANK
-1,-1,12,53,10,YB-2_S10,7,38,-2,BLANK
1,1,12,53,10,YB+2_S10,7,38,2,BLANK
-1,-1,13,53,10,YB-2_S10,7,35,-2,BLANK
1,1,13,53,10,YB+2_S10,7,35,2,BLANK
-1,-1,14,53,10,YB-2_S10,7,32,-2,BLANK
1,1,14,53,10,YB+2_S10,7,32,2,BLANK
-1,-1,15,53,10,YB-2_S10,7,29,-2,BLANK
1,1,15,53,10,YB+2_S10,7,29,2,BLANK
-1,-1,1,54,10,YB0_S10,7,48,0,BLANK
1,1,1,54,10,YB0_S10,6,19,0,BLANK
-1,-1,2,54,10,YB0_S10,6,20,0,BLANK
1,1,2,54,10,YB0_S10,6,21,0,BLANK
-1,-1,3,54,10,YB0_S10,7,49,0,BLANK
1,1,3,54,10,YB0_S10,6,18,0,BLANK
-1,-1,4,54,10,YB0_S10,7,47,0,BLANK
1,1,4,54,10,YB0_S10,7,34,0,BLANK
-1,-1,5,54,10,YB-1_S10,6,16,-1,BLANK
1,1,5,54,10,YB+1_S10,6,16,1,BLANK
-1,-1,6,54,10,YB-1_S10,6,13,-1,BLANK
1,1,6,54,10,YB+1_S10,6,13,1,BLANK
-1,-1,7,54,10,YB-1_S10,6,10,-1,BLANK
1,1,7,54,10,YB+1_S10,6,10,1,BLANK
-1,-1,8,54,10,YB-1_S10,7,45,-1,BLANK
1,1,8,54,10,YB+1_S10,7,45,1,BLANK
-1,-1,9,54,10,YB-1_S10,7,42,-1,BLANK
1,1,9,54,10,YB+1_S10,7,42,1,BLANK
-1,-1,10,54,10,YB-1_S10,7,39,-1,BLANK
1,1,10,54,10,YB+1_S10,7,39,1,BLANK
-1,-1,11,54,10,YB-2_S10,7,42,-2,BLANK
1,1,11,54,10,YB+2_S10,7,42,2,BLANK
-1,-1,12,54,10,YB-2_S10,7,39,-2,BLANK
1,1,12,54,10,YB+2_S10,7,39,2,BLANK
-1,-1,13,54,10,YB-2_S10,7,36,-2,BLANK
1,1,13,54,10,YB+2_S10,7,36,2,BLANK
-1,-1,14,54,10,YB-2_S10,7,33,-2,BLANK
1,1,14,54,10,YB+2_S10,7,33,2,BLANK
-1,-1,15,54,10,YB-2_S10,7,30,-2,BLANK
1,1,15,54,10,YB+2_S10,7,30,2,BLANK
-1,-1,1,55,10,YB0_S10,7,45,0,BLANK
1,1,1,55,10,YB0_S10,6,14,0,BLANK
-1,-1,2,55,10,YB0_S10,6,15,0,BLANK
1,1,2,55,10,YB0_S10,6,9,0,BLANK
-1,-1,3,55,10,YB0_S10,7,46,0,BLANK
1,1,3,55,10,YB0_S10,6,8,0,BLANK
-1,-1,4,55,10,YB0_S10,7,44,0,BLANK
1,1,4,55,10,YB0_S10,7,31,0,BLANK
-1,-1,5,55,10,YB-1_S10,6,17,-1,BLANK
1,1,5,55,10,YB+1_S10,6,17,1,BLANK
-1,-1,6,55,10,YB-1_S10,6,14,-1,BLANK
1,1,6,55,10,YB+1_S10,6,14,1,BLANK
-1,-1,7,55,10,YB-1_S10,6,11,-1,BLANK
1,1,7,55,10,YB+1_S10,6,11,1,BLANK
-1,-1,8,55,10,YB-1_S10,7,46,-1,BLANK
1,1,8,55,10,YB+1_S10,7,46,1,BLANK
-1,-1,9,55,10,YB-1_S10,7,43,-1,BLANK
1,1,9,55,10,YB+1_S10,7,43,1,BLANK
-1,-1,10,55,10,YB-1_S10,7,40,-1,BLANK
1,1,10,55,10,YB+1_S10,7,40,1,BLANK
-1,-1,11,55,10,YB-2_S10,7,43,-2,BLANK
1,1,11,55,10,YB+2_S10,7,43,2,BLANK
-1,-1,12,55,10,YB-2_S10,7,40,-2,BLANK
1,1,12,55,10,YB+2_S10,7,40,2,BLANK
-1,-1,13,55,10,YB-2_S10,7,37,-2,BLANK
1,1,13,55,10,YB+2_S10,7,37,2,BLANK
-1,-1,14,55,10,YB-2_S10,7,34,-2,BLANK
1,1,14,55,10,YB+2_S10,7,34,2,BLANK
-1,-1,15,55,10,YB-2_S10,7,31,-2,BLANK
1,1,15,55,10,YB+2_S10,7,31,2,BLANK
-1,-1,1,56,10,YB0_S10,7,42,0,BLANK
1,1,1,56,10,YB0_S10,6,12,0,BLANK
-1,-1,2,56,10,YB0_S10,6,13,0,BLANK
1,1,2,56,10,YB0_S10,6,11,0,BLANK
-1,-1,3,56,10,YB0_S10,7,43,0,BLANK
1,1,3,56,10,YB0_S10,6,10,0,BLANK
-1,-1,4,56,10,YB0_S10,7,41,0,BLANK
1,1,4,56,10,YB0_S10,7,32,0,BLANK
-1,-1,5,56,10,YB-1_S10,6,6,-1,BLANK
1,1,5,56,10,YB+1_S10,6,6,1,BLANK
-1,-1,6,56,10,YB-1_S10,6,3,-1,BLANK
1,1,6,56,10,YB+1_S10,6,3,1,BLANK
-1,-1,7,56,10,YB-1_S10,6,0,-1,BLANK
1,1,7,56,10,YB+1_S10,6,0,1,BLANK
-1,-1,8,56,10,YB-1_S10,7,35,-1,BLANK
1,1,8,56,10,YB+1_S10,7,35,1,BLANK
-1,-1,9,56,10,YB-1_S10,7,32,-1,BLANK
1,1,9,56,10,YB+1_S10,7,32,1,BLANK
-1,-1,10,56,10,YB-1_S10,7,29,-1,BLANK
1,1,10,56,10,YB+1_S10,7,29,1,BLANK
-1,-1,11,56,10,YB-2_S10,6,12,-2,BLANK
1,1,11,56,10,YB+2_S10,6,12,2,BLANK
-1,-1,12,56,10,YB-2_S10,6,9,-2,BLANK
1,1,12,56,10,YB+2_S10,6,9,2,BLANK
-1,-1,13,56,10,YB-2_S10,6,6,-2,BLANK
1,1,13,56,10,YB+2_S10,6,6,2,BLANK
-1,-1,14,56,10,YB-2_S10,6,3,-2,BLANK
1,1,14,56,10,YB+2_S10,6,3,2,BLANK
-1,-1,15,56,10,YB-2_S10,6,0,-2,BLANK
1,1,15,56,10,YB+2_S10,6,0,2,BLANK
-1,-1,1,57,10,YB0_S10,7,39,0,BLANK
1,1,1,57,10,YB0_S10,6,6,0,BLANK
-1,-1,2,57,10,YB0_S10,6,7,0,BLANK
1,1,2,57,10,YB0_S10,6,1,0,BLANK
-1,-1,3,57,10,YB0_S10,7,40,0,BLANK
1,1,3,57,10,YB0_S10,6,0,0,BLANK
-1,-1,4,57,10,YB0_S10,7,38,0,BLANK
1,1,4,57,10,YB0_S10,7,29,0,BLANK
-1,-1,5,57,10,YB-1_S10,6,7,-1,BLANK
1,1,5,57,10,YB+1_S10,6,7,1,BLANK
-1,-1,6,57,10,YB-1_S10,6,4,-1,BLANK
1,1,6,57,10,YB+1_S10,6,4,1,BLANK
-1,-1,7,57,10,YB-1_S10,6,1,-1,BLANK
1,1,7,57,10,YB+1_S10,6,1,1,BLANK
-1,-1,8,57,10,YB-1_S10,7,36,-1,BLANK
1,1,8,57,10,YB+1_S10,7,36,1,BLANK
-1,-1,9,57,10,YB-1_S10,7,33,-1,BLANK
1,1,9,57,10,YB+1_S10,7,33,1,BLANK
-1,-1,10,57,10,YB-1_S10,7,30,-1,BLANK
1,1,10,57,10,YB+1_S10,7,30,1,BLANK
-1,-1,11,57,10,YB-2_S10,6,13,-2,BLANK
1,1,11,57,10,YB+2_S10,6,13,2,BLANK
-1,-1,12,57,10,YB-2_S10,6,10,-2,BLANK
1,1,12,57,10,YB+2_S10,6,10,2,BLANK
-1,-1,13,57,10,YB-2_S10,6,7,-2,BLANK
1,1,13,57,10,YB+2_S10,6,7,2,BLANK
-1,-1,14,57,10,YB-2_S10,6,4,-2,BLANK
1,1,14,57,10,YB+2_S10,6,4,2,BLANK
-1,-1,15,57,10,YB-2_S10,6,1,-2,BLANK
1,1,15,57,10,YB+2_S10,6,1,2,BLANK
-1,-1,1,58,10,YB0_S10,7,36,0,BLANK
1,1,1,58,10,YB0_S10,6,3,0,BLANK
-1,-1,2,58,10,YB0_S10,6,4,0,BLANK
1,1,2,58,10,YB0_S10,6,5,0,BLANK
-1,-1,3,58,10,YB0_S10,7,37,0,BLANK
1,1,3,58,10,YB0_S10,6,2,0,BLANK
-1,-1,4,58,10,YB0_S10,7,35,0,BLANK
1,1,4,58,10,YB0_S10,7,30,0,BLANK
-1,-1,5,58,10,YB-1_S10,6,8,-1,BLANK
1,1,5,58,10,YB+1_S10,6,8,1,BLANK
-1,-1,6,58,10,YB-1_S10,6,5,-1,BLANK
1,1,6,58,10,YB+1_S10,6,5,1,BLANK
-1,-1,7,58,10,YB-1_S10,6,2,-1,BLANK
1,1,7,58,10,YB+1_S10,6,2,1,BLANK
-1,-1,8,58,10,YB-1_S10,7,37,-1,BLANK
1,1,8,58,10,YB+1_S10,7,37,1,BLANK
-1,-1,9,58,10,YB-1_S10,7,34,-1,BLANK
1,1,9,58,10,YB+1_S10,7,34,1,BLANK
-1,-1,10,58,10,YB-1_S10,7,31,-1,BLANK
1,1,10,58,10,YB+1_S10,7,31,1,BLANK
-1,-1,11,58,10,YB-2_S10,6,14,-2,BLANK
1,1,11,58,10,YB+2_S10,6,14,2,BLANK
-1,-1,12,58,10,YB-2_S10,6,11,-2,BLANK
1,1,12,58,10,YB+2_S10,6,11,2,BLANK
-1,-1,13,58,10,YB-2_S10,6,8,-2,BLANK
1,1,13,58,10,YB+2_S10,6,8,2,BLANK
-1,-1,14,58,10,YB-2_S10,6,5,-2,BLANK
1,1,14,58,10,YB+2_S10,6,5,2,BLANK
-1,-1,15,58,10,YB-2_S10,6,2,-2,BLANK
1,1,15,58,10,YB+2_S10,6,2,2,BLANK
-1,-1,1,59,11,YB0_S11,7,51,0,BLANK
1,1,1,59,11,YB0_S11,6,22,0,BLANK
-1,-1,2,59,11,YB0_S11,6,23,0,BLANK
1,1,2,59,11,YB0_S11,6,17,0,BLANK
-1,-1,3,59,11,YB0_S11,7,52,0,BLANK
1,1,3,59,11,YB0_S11,6,16,0,BLANK
-1,-1,4,59,11,YB0_S11,7,50,0,BLANK
1,1,4,59,11,YB0_S11,7,33,0,BLANK
-1,-1,5,59,11,YB-1_S11,6,17,-1,BLANK
1,1,5,59,11,YB+1_S11,6,17,1,BLANK
-1,-1,6,59,11,YB-1_S11,6,14,-1,BLANK
1,1,6,59,11,YB+1_S11,6,14,1,BLANK
-1,-1,7,59,11,YB-1_S11,6,11,-1,BLANK
1,1,7,59,11,YB+1_S11,6,11,1,BLANK
-1,-1,8,59,11,YB-1_S11,7,46,-1,BLANK
1,1,8,59,11,YB+1_S11,7,46,1,BLANK
-1,-1,9,59,11,YB-1_S11,7,43,-1,BLANK
1,1,9,59,11,YB+1_S11,7,43,1,BLANK
-1,-1,10,59,11,YB-1_S11,7,40,-1,BLANK
1,1,10,59,11,YB+1_S11,7,40,1,BLANK
-1,-1,11,59,11,YB-2_S11,7,43,-2,BLANK
1,1,11,59,11,YB+2_S11,7,43,2,BLANK
-1,-1,12,59,11,YB-2_S11,7,40,-2,BLANK
1,1,12,59,11,YB+2_S11,7,40,2,BLANK
-1,-1,13,59,11,YB-2_S11,7,37,-2,BLANK
1,1,13,59,11,YB+2_S11,7,37,2,BLANK
-1,-1,14,59,11,YB-2_S11,7,34,-2,BLANK
1,1,14,59,11,YB+2_S11,7,34,2,BLANK
-1,-1,15,59,11,YB-2_S11,7,31,-2,BLANK
1,1,15,59,11,YB+2_S11,7,31,2,BLANK
-1,-1,1,60,11,YB0_S11,7,48,0,BLANK
1,1,1,60,11,YB0_S11,6,19,0,BLANK
-1,-1,2,60,11,YB0_S11,6,20,0,BLANK
1,1,2,60,11,YB0_S11,6,21,0,BLANK
-1,-1,3,60,11,YB0_S11,7,49,0,BLANK
1,1,3,60,11,YB0_S11,6,18,0,BLANK
-1,-1,4,60,11,YB0_S11,7,47,0,BLANK
1,1,4,60,11,YB0_S11,7,34,0,BLANK
-1,-1,5,60,11,YB-1_S11,6,16,-1,BLANK
1,1,5,60,11,YB+1_S11,6,16,1,BLANK
-1,-1,6,60,11,YB-1_S11,6,13,-1,BLANK
1,1,6,60,11,YB+1_S11,6,13,1,BLANK
-1,-1,7,60,11,YB-1_S11,6,10,-1,BLANK
1,1,7,60,11,YB+1_S11,6,10,1,BLANK
-1,-1,8,60,11,YB-1_S11,7,45,-1,BLANK
1,1,8,60,11,YB+1_S11,7,45,1,BLANK
-1,-1,9,60,11,YB-1_S11,7,42,-1,BLANK
1,1,9,60,11,YB+1_S11,7,42,1,BLANK
-1,-1,10,60,11,YB-1_S11,7,39,-1,BLANK
1,1,10,60,11,YB+1_S11,7,39,1,BLANK
-1,-1,11,60,11,YB-2_S11,7,42,-2,BLANK
1,1,11,60,11,YB+2_S11,7,42,2,BLANK
-1,-1,12,60,11,YB-2_S11,7,39,-2,BLANK
1,1,12,60,11,YB+2_S11,7,39,2,BLANK
-1,-1,13,60,11,YB-2_S11,7,36,-2,BLANK
1,1,13,60,11,YB+2_S11,7,36,2,BLANK
-1,-1,14,60,11,YB-2_S11,7,33,-2,BLANK
1,1,14,60,11,YB+2_S11,7,33,2,BLANK
-1,-1,15,60,11,YB-2_S11,7,30,-2,BLANK
1,1,15,60,11,YB+2_S11,7,30,2,BLANK
-1,-1,1,61,11,YB0_S11,7,45,0,BLANK
1,1,1,61,11,YB0_S11,6,14,0,BLANK
-1,-1,2,61,11,YB0_S11,6,15,0,BLANK
1,1,2,61,11,YB0_S11,6,9,0,BLANK
-1,-1,3,61,11,YB0_S11,7,46,0,BLANK
1,1,3,61,11,YB0_S11,6,8,0,BLANK
-1,-1,4,61,11,YB0_S11,7,44,0,BLANK
1,1,4,61,11,YB0_S11,7,31,0,BLANK
-1,-1,5,61,11,YB-1_S11,6,15,-1,BLANK
1,1,5,61,11,YB+1_S11,6,15,1,BLANK
-1,-1,6,61,11,YB-1_S11,6,12,-1,BLANK
1,1,6,61,11,YB+1_S11,6,12,1,BLANK
-1,-1,7,61,11,YB-1_S11,6,9,-1,BLANK
1,1,7,61,11,YB+1_S11,6,9,1,BLANK
-1,-1,8,61,11,YB-1_S11,7,44,-1,BLANK
1,1,8,61,11,YB+1_S11,7,44,1,BLANK
-1,-1,9,61,11,YB-1_S11,7,41,-1,BLANK
1,1,9,61,11,YB+1_S11,7,41,1,BLANK
-1,-1,10,61,11,YB-1_S11,7,38,-1,BLANK
1,1,10,61,11,YB+1_S11,7,38,1,BLANK
-1,-1,11,61,11,YB-2_S11,7,41,-2,BLANK
1,1,11,61,11,YB+2_S11,7,41,2,BLANK
-1,-1,12,61,11,YB-2_S11,7,38,-2,BLANK
1,1,12,61,11,YB+2_S11,7,38,2,BLANK
-1,-1,13,61,11,YB-2_S11,7,35,-2,BLANK
1,1,13,61,11,YB+2_S11,7,35,2,BLANK
-1,-1,14,61,11,YB-2_S11,7,32,-2,BLANK
1,1,14,61,11,YB+2_S11,7,32,2,BLANK
-1,-1,15,61,11,YB-2_S11,7,29,-2,BLANK
1,1,15,61,11,YB+2_S11,7,29,2,BLANK
-1,-1,1,62,11,YB0_S11,7,42,0,BLANK
1,1,1,62,11,YB0_S11,6,12,0,BLANK
-1,-1,2,62,11,YB0_S11,6,13,0,BLANK
1,1,2,62,11,YB0_S11,6,11,0,BLANK
-1,-1,3,62,11,YB0_S11,7,43,0,BLANK
1,1,3,62,11,YB0_S11,6,10,0,BLANK
-1,-1,4,62,11,YB0_S11,7,41,0,BLANK
1,1,4,62,11,YB0_S11,7,32,0,BLANK
-1,-1,5,62,11,YB-1_S11,6,8,-1,BLANK
1,1,5,62,11,YB+1_S11,6,8,1,BLANK
-1,-1,6,62,11,YB-1_S11,6,5,-1,BLANK
1,1,6,62,11,YB+1_S11,6,5,1,BLANK
-1,-1,7,62,11,YB-1_S11,6,2,-1,BLANK
1,1,7,62,11,YB+1_S11,6,2,1,BLANK
-1,-1,8,62,11,YB-1_S11,7,37,-1,BLANK
1,1,8,62,11,YB+1_S11,7,37,1,BLANK
-1,-1,9,62,11,YB-1_S11,7,34,-1,BLANK
1,1,9,62,11,YB+1_S11,7,34,1,BLANK
-1,-1,10,62,11,YB-1_S11,7,31,-1,BLANK
1,1,10,62,11,YB+1_S11,7,31,1,BLANK
-1,-1,11,62,11,YB-2_S11,6,14,-2,BLANK
1,1,11,62,11,YB+2_S11,6,14,2,BLANK
-1,-1,12,62,11,YB-2_S11,6,11,-2,BLANK
1,1,12,62,11,YB+2_S11,6,11,2,BLANK
-1,-1,13,62,11,YB-2_S11,6,8,-2,BLANK
1,1,13,62,11,YB+2_S11,6,8,2,BLANK
-1,-1,14,62,11,YB-2_S11,6,5,-2,BLANK
1,1,14,62,11,YB+2_S11,6,5,2,BLANK
-1,-1,15,62,11,YB-2_S11,6,2,-2,BLANK
1,1,15,62,11,YB+2_S11,6,2,2,BLANK
-1,-1,1,63,11,YB0_S11,7,39,0,BLANK
1,1,1,63,11,YB0_S11,6,6,0,BLANK
-1,-1,2,63,11,YB0_S11,6,7,0,BLANK
1,1,2,63,11,YB0_S11,6,1,0,BLANK
-1,-1,3,63,11,YB0_S11,7,40,0,BLANK
1,1,3,63,11,YB0_S11,6,0,0,BLANK
-1,-1,4,63,11,YB0_S11,7,38,0,BLANK
1,1,4,63,11,YB0_S11,7,29,0,BLANK
-1,-1,5,63,11,YB-1_S11,6,7,-1,BLANK
1,1,5,63,11,YB+1_S11,6,7,1,BLANK
-1,-1,6,63,11,YB-1_S11,6,4,-1,BLANK
1,1,6,63,11,YB+1_S11,6,4,1,BLANK
-1,-1,7,63,11,YB-1_S11,6,1,-1,BLANK
1,1,7,63,11,YB+1_S11,6,1,1,BLANK
-1,-1,8,63,11,YB-1_S11,7,36,-1,BLANK
1,1,8,63,11,YB+1_S11,7,36,1,BLANK
-1,-1,9,63,11,YB-1_S11,7,33,-1,BLANK
1,1,9,63,11,YB+1_S11,7,33,1,BLANK
-1,-1,10,63,11,YB-1_S11,7,30,-1,BLANK
1,1,10,63,11,YB+1_S11,7,30,1,BLANK
-1,-1,11,63,11,YB-2_S11,6,13,-2,BLANK
1,1,11,63,11,YB+2_S11,6,13,2,BLANK
-1,-1,12,63,11,YB-2_S11,6,10,-2,BLANK
1,1,12,63,11,YB+2_S11,6,10,2,BLANK
-1,-1,13,63,11,YB-2_S11,6,7,-2,BLANK
1,1,13,63,11,YB+2_S11,6,7,2,BLANK
-1,-1,14,63,11,YB-2_S11,6,4,-2,BLANK
1,1,14,63,11,YB+2_S11,6,4,2,BLANK
-1,-1,15,63,11,YB-2_S11,6,1,-2,BLANK
1,1,15,63,11,YB+2_S11,6,1,2,BLANK
-1,-1,1,64,11,YB0_S11,7,36,0,BLANK
1,1,1,64,11,YB0_S11,6,3,0,BLANK
-1,-1,2,64,11,YB0_S11,6,4,0,BLANK
1,1,2,64,11,YB0_S11,6,5,0,BLANK
-1,-1,3,64,11,YB0_S11,7,37,0,BLANK
1,1,3,64,11,YB0_S11,6,2,0,BLANK
-1,-1,4,64,11,YB0_S11,7,35,0,BLANK
1,1,4,64,11,YB0_S11,7,30,0,BLANK
-1,-1,5,64,11,YB-1_S11,6,6,-1,BLANK
1,1,5,64,11,YB+1_S11,6,6,1,BLANK
-1,-1,6,64,11,YB-1_S11,6,3,-1,BLANK
1,1,6,64,11,YB+1_S11,6,3,1,BLANK
-1,-1,7,64,11,YB-1_S11,6,0,-1,BLANK
1,1,7,64,11,YB+1_S11,6,0,1,BLANK
-1,-1,8,64,11,YB-1_S11,7,35,-1,BLANK
1,1,8,64,11,YB+1_S11,7,35,1,BLANK
-1,-1,9,64,11,YB-1_S11,7,32,-1,BLANK
1,1,9,64,11,YB+1_S11,7,32,1,BLANK
-1,-1,10,64,11,YB-1_S11,7,29,-1,BLANK
1,1,10,64,11,YB+1_S11,7,29,1,BLANK
-1,-1,11,64,11,YB-2_S11,6,12,-2,BLANK
1,1,11,64,11,YB+2_S11,6,12,2,BLANK
-1,-1,12,64,11,YB-2_S11,6,9,-2,BLANK
1,1,12,64,11,YB+2_S11,6,9,2,BLANK
-1,-1,13,64,11,YB-2_S11,6,6,-2,BLANK
1,1,13,64,11,YB+2_S11,6,6,2,BLANK
-1,-1,14,64,11,YB-2_S11,6,3,-2,BLANK
1,1,14,64,11,YB+2_S11,6,3,2,BLANK
-1,-1,15,64,11,YB-2_S11,6,0,-2,BLANK
1,1,15,64,11,YB+2_S11,6,0,2,BLANK
-1,-1,1,65,12,YB0_S12,6,22,0,BLANK
1,1,1,65,12,YB0_S12,7,52,0,BLANK
-1,-1,2,65,12,YB0_S12,6,23,0,BLANK
1,1,2,65,12,YB0_S12,6,21,0,BLANK
-1,-1,3,65,12,YB0_S12,6,18,0,BLANK
1,1,3,65,12,YB0_S12,7,51,0,BLANK
-1,-1,4,65,12,YB0_S12,7,34,0,BLANK
1,1,4,65,12,YB0_S12,7,50,0,BLANK
-1,-1,5,65,12,YB-1_S12,6,15,-1,BLANK
1,1,5,65,12,YB+1_S12,6,15,1,BLANK
-1,-1,6,65,12,YB-1_S12,6,12,-1,BLANK
1,1,6,65,12,YB+1_S12,6,12,1,BLANK
-1,-1,7,65,12,YB-1_S12,6,9,-1,BLANK
1,1,7,65,12,YB+1_S12,6,9,1,BLANK
-1,-1,8,65,12,YB-1_S12,7,44,-1,BLANK
1,1,8,65,12,YB+1_S12,7,44,1,BLANK
-1,-1,9,65,12,YB-1_S12,7,41,-1,BLANK
1,1,9,65,12,YB+1_S12,7,41,1,BLANK
-1,-1,10,65,12,YB-1_S12,7,38,-1,BLANK
1,1,10,65,12,YB+1_S12,7,38,1,BLANK
-1,-1,11,65,12,YB-2_S12,7,41,-2,BLANK
1,1,11,65,12,YB+2_S12,7,41,2,BLANK
-1,-1,12,65,12,YB-2_S12,7,38,-2,BLANK
1,1,12,65,12,YB+2_S12,7,38,2,BLANK
-1,-1,13,65,12,YB-2_S12,7,35,-2,BLANK
1,1,13,65,12,YB+2_S12,7,35,2,BLANK
-1,-1,14,65,12,YB-2_S12,7,32,-2,BLANK
1,1,14,65,12,YB+2_S12,7,32,2,BLANK
-1,-1,15,65,12,YB-2_S12,7,29,-2,BLANK
1,1,15,65,12,YB+2_S12,7,29,2,BLANK
-1,-1,1,66,12,YB0_S12,6,20,0,BLANK
1,1,1,66,12,YB0_S12,7,49,0,BLANK
-1,-1,2,66,12,YB0_S12,6,17,0,BLANK
1,1,2,66,12,YB0_S12,6,19,0,BLANK
-1,-1,3,66,12,YB0_S12,6,16,0,BLANK
1,1,3,66,12,YB0_S12,7,48,0,BLANK
-1,-1,4,66,12,YB0_S12,7,33,0,BLANK
1,1,4,66,12,YB0_S12,7,47,0,BLANK
-1,-1,5,66,12,YB-1_S12,6,16,-1,BLANK
1,1,5,66,12,YB+1_S12,6,16,1,BLANK
-1,-1,6,66,12,YB-1_S12,6,13,-1,BLANK
1,1,6,66,12,YB+1_S12,6,13,1,BLANK
-1,-1,7,66,12,YB-1_S12,6,10,-1,BLANK
1,1,7,66,12,YB+1_S12,6,10,1,BLANK
-1,-1,8,66,12,YB-1_S12,7,45,-1,BLANK
1,1,8,66,12,YB+1_S12,7,45,1,BLANK
-1,-1,9,66,12,YB-1_S12,7,42,-1,BLANK
1,1,9,66,12,YB+1_S12,7,42,1,BLANK
-1,-1,10,66,12,YB-1_S12,7,39,-1,BLANK
1,1,10,66,12,YB+1_S12,7,39,1,BLANK
-1,-1,11,66,12,YB-2_S12,7,42,-2,BLANK
1,1,11,66,12,YB+2_S12,7,42,2,BLANK
-1,-1,12,66,12,YB-2_S12,7,39,-2,BLANK
1,1,12,66,12,YB+2_S12,7,39,2,BLANK
-1,-1,13,66,12,YB-2_S12,7,36,-2,BLANK
1,1,13,66,12,YB+2_S12,7,36,2,BLANK
-1,-1,14,66,12,YB-2_S12,7,33,-2,BLANK
1,1,14,66,12,YB+2_S12,7,33,2,BLANK
-1,-1,15,66,12,YB-2_S12,7,30,-2,BLANK
1,1,15,66,12,YB+2_S12,7,30,2,BLANK
-1,-1,1,67,12,YB0_S12,6,14,0,BLANK
1,1,1,67,12,YB0_S12,7,46,0,BLANK
-1,-1,2,67,12,YB0_S12,6,15,0,BLANK
1,1,2,67,12,YB0_S12,6,13,0,BLANK
-1,-1,3,67,12,YB0_S12,6,10,0,BLANK
1,1,3,67,12,YB0_S12,7,45,0,BLANK
-1,-1,4,67,12,YB0_S12,7,32,0,BLANK
1,1,4,67,12,YB0_S12,7,44,0,BLANK
-1,-1,5,67,12,YB-1_S12,6,17,-1,BLANK
1,1,5,67,12,YB+1_S12,6,17,1,BLANK
-1,-1,6,67,12,YB-1_S12,6,14,-1,BLANK
1,1,6,67,12,YB+1_S12,6,14,1,BLANK
-1,-1,7,67,12,YB-1_S12,6,11,-1,BLANK
1,1,7,67,12,YB+1_S12,6,11,1,BLANK
-1,-1,8,67,12,YB-1_S12,7,46,-1,BLANK
1,1,8,67,12,YB+1_S12,7,46,1,BLANK
-1,-1,9,67,12,YB-1_S12,7,43,-1,BLANK
1,1,9,67,12,YB+1_S12,7,43,1,BLANK
-1,-1,10,67,12,YB-1_S12,7,40,-1,BLANK
1,1,10,67,12,YB+1_S12,7,40,1,BLANK
-1,-1,11,67,12,YB-2_S12,7,43,-2,BLANK
1,1,11,67,12,YB+2_S12,7,43,2,BLANK
-1,-1,12,67,12,YB-2_S12,7,40,-2,BLANK
1,1,12,67,12,YB+2_S12,7,40,2,BLANK
-1,-1,13,67,12,YB-2_S12,7,37,-2,BLANK
1,1,13,67,12,YB+2_S12,7,37,2,BLANK
-1,-1,14,67,12,YB-2_S12,7,34,-2,BLANK
1,1,14,67,12,YB+2_S12,7,34,2,BLANK
-1,-1,15,67,12,YB-2_S12,7,31,-2,BLANK
1,1,15,67,12,YB+2_S12,7,31,2,BLANK
-1,-1,1,68,12,YB0_S12,6,12,0,BLANK
1,1,1,68,12,YB0_S12,7,43,0,BLANK
-1,-1,2,68,12,YB0_S12,6,9,0,BLANK
1,1,2,68,12,YB0_S12,6,11,0,BLANK
-1,-1,3,68,12,YB0_S12,6,8,0,BLANK
1,1,3,68,12,YB0_S12,7,42,0,BLANK
-1,-1,4,68,12,YB0_S12,7,31,0,BLANK
1,1,4,68,12,YB0_S12,7,41,0,BLANK
-1,-1,5,68,12,YB-1_S12,6,6,-1,BLANK
1,1,5,68,12,YB+1_S12,6,6,1,BLANK
-1,-1,6,68,12,YB-1_S12,6,3,-1,BLANK
1,1,6,68,12,YB+1_S12,6,3,1,BLANK
-1,-1,7,68,12,YB-1_S12,6,0,-1,BLANK
1,1,7,68,12,YB+1_S12,6,0,1,BLANK
-1,-1,8,68,12,YB-1_S12,7,35,-1,BLANK
1,1,8,68,12,YB+1_S12,7,35,1,BLANK
-1,-1,9,68,12,YB-1_S12,7,32,-1,BLANK
1,1,9,68,12,YB+1_S12,7,32,1,BLANK
-1,-1,10,68,12,YB-1_S12,7,29,-1,BLANK
1,1,10,68,12,YB+1_S12,7,29,1,BLANK
-1,-1,11,68,12,YB-2_S12,6,12,-2,BLANK
1,1,11,68,12,YB+2_S12,6,12,2,BLANK
-1,-1,12,68,12,YB-2_S12,6,9,-2,BLANK
1,1,12,68,12,YB+2_S12,6,9,2,BLANK
-1,-1,13,68,12,YB-2_S12,6,6,-2,BLANK
1,1,13,68,12,YB+2_S12,6,6,2,BLANK
-1,-1,14,68,12,YB-2_S12,6,3,-2,BLANK
1,1,14,68,12,YB+2_S12,6,3,2,BLANK
-1,-1,15,68,12,YB-2_S12,6,0,-2,BLANK
1,1,15,68,12,YB+2_S12,6,0,2,BLANK
-1,-1,1,69,12,YB0_S12,6,6,0,BLANK
1,1,1,69,12,YB0_S12,7,40,0,BLANK
-1,-1,2,69,12,YB0_S12,6,7,0,BLANK
1,1,2,69,12,YB0_S12,6,5,0,BLANK
-1,-1,3,69,12,YB0_S12,6,2,0,BLANK
1,1,3,69,12,YB0_S12,7,39,0,BLANK
-1,-1,4,69,12,YB0_S12,7,30,0,BLANK
1,1,4,69,12,YB0_S12,7,38,0,BLANK
-1,-1,5,69,12,YB-1_S12,6,7,-1,BLANK
1,1,5,69,12,YB+1_S12,6,7,1,BLANK
-1,-1,6,69,12,YB-1_S12,6,4,-1,BLANK
1,1,6,69,12,YB+1_S12,6,4,1,BLANK
-1,-1,7,69,12,YB-1_S12,6,1,-1,BLANK
1,1,7,69,12,YB+1_S12,6,1,1,BLANK
-1,-1,8,69,12,YB-1_S12,7,36,-1,BLANK
1,1,8,69,12,YB+1_S12,7,36,1,BLANK
-1,-1,9,69,12,YB-1_S12,7,33,-1,BLANK
1,1,9,69,12,YB+1_S12,7,33,1,BLANK
-1,-1,10,69,12,YB-1_S12,7,30,-1,BLANK
1,1,10,69,12,YB+1_S12,7,30,1,BLANK
-1,-1,11,69,12,YB-2_S12,6,13,-2,BLANK
1,1,11,69,12,YB+2_S12,6,13,2,BLANK
-1,-1,12,69,12,YB-2_S12,6,10,-2,BLANK
1,1,12,69,12,YB+2_S12,6,10,2,BLANK
-1,-1,13,69,12,YB-2_S12,6,7,-2,BLANK
1,1,13,69,12,YB+2_S12,6,7,2,BLANK
-1,-1,14,69,12,YB-2_S12,6,4,-2,BLANK
1,1,14,69,12,YB+2_S12,6,4,2,BLANK
-1,-1,15,69,12,YB-2_S12,6,1,-2,BLANK
1,1,15,69,12,YB+2_S12,6,1,2,BLANK
-1,-1,1,70,12,YB0_S12,6,4,0,BLANK
1,1,1,70,12,YB0_S12,7,37,0,BLANK
-1,-1,2,70,12,YB0_S12,6,1,0,BLANK
1,1,2,70,12,YB0_S12,6,3,0,BLANK
-1,-1,3,70,12,YB0_S12,6,0,0,BLANK
1,1,3,70,12,YB0_S12,7,36,0,BLANK
-1,-1,4,70,12,YB0_S12,7,29,0,BLANK
1,1,4,70,12,YB0_S12,7,35,0,BLANK
-1,-1,5,70,12,YB-1_S12,6,8,-1,BLANK
1,1,5,70,12,YB+1_S12,6,8,1,BLANK
-1,-1,6,70,12,YB-1_S12,6,5,-1,BLANK
1,1,6,70,12,YB+1_S12,6,5,1,BLANK
-1,-1,7,70,12,YB-1_S12,6,2,-1,BLANK
1,1,7,70,12,YB+1_S12,6,2,1,BLANK
-1,-1,8,70,12,YB-1_S12,7,37,-1,BLANK
1,1,8,70,12,YB+1_S12,7,37,1,BLANK
-1,-1,9,70,12,YB-1_S12,7,34,-1,BLANK
1,1,9,70,12,YB+1_S12,7,34,1,BLANK
-1,-1,10,70,12,YB-1_S12,7,31,-1,BLANK
1,1,10,70,12,YB+1_S12,7,31,1,BLANK
-1,-1,11,70,12,YB-2_S12,6,14,-2,BLANK
1,1,11,70,12,YB+2_S12,6,14,2,BLANK
-1,-1,12,70,12,YB-2_S12,6,11,-2,BLANK
1,1,12,70,12,YB+2_S12,6,11,2,BLANK
-1,-1,13,70,12,YB-2_S12,6,8,-2,BLANK
1,1,13,70,12,YB+2_S12,6,8,2,BLANK
-1,-1,14,70,12,YB-2_S12,6,5,-2,BLANK
1,1,14,70,12,YB+2_S12,6,5,2,BLANK
-1,-1,15,70,12,YB-2_S12,6,2,-2,BLANK
1,1,15,70,12,YB+2_S12,6,2,2,BLANK
-1,-1,1,71,1,YB0_S1,6,22,0,BLANK
1,1,1,71,1,YB0_S1,7,52,0,BLANK
-1,-1,2,71,1,YB0_S1,6,23,0,BLANK
1,1,2,71,1,YB0_S1,6,21,0,BLANK
-1,-1,3,71,1,YB0_S1,6,18,0,BLANK
1,1,3,71,1,YB0_S1,7,51,0,BLANK
-1,-1,4,71,1,YB0_S1,7,34,0,BLANK
1,1,4,71,1,YB0_S1,7,50,0,BLANK
-1,-1,5,71,1,YB-1_S1,6,17,-1,BLANK
1,1,5,71,1,YB+1_S1,6,17,1,BLANK
-1,-1,6,71,1,YB-1_S1,6,14,-1,BLANK
1,1,6,71,1,YB+1_S1,6,14,1,BLANK
-1,-1,7,71,1,YB-1_S1,6,11,-1,BLANK
1,1,7,71,1,YB+1_S1,6,11,1,BLANK
-1,-1,8,71,1,YB-1_S1,7,46,-1,BLANK
1,1,8,71,1,YB+1_S1,7,46,1,BLANK
-1,-1,9,71,1,YB-1_S1,7,43,-1,BLANK
1,1,9,71,1,YB+1_S1,7,43,1,BLANK
-1,-1,10,71,1,YB-1_S1,7,40,-1,BLANK
1,1,10,71,1,YB+1_S1,7,40,1,BLANK
-1,-1,11,71,1,YB-2_S1,7,43,-2,BLANK
1,1,11,71,1,YB+2_S1,7,43,2,BLANK
-1,-1,12,71,1,YB-2_S1,7,40,-2,BLANK
1,1,12,71,1,YB+2_S1,7,40,2,BLANK
-1,-1,13,71,1,YB-2_S1,7,37,-2,BLANK
1,1,13,71,1,YB+2_S1,7,37,2,BLANK
-1,-1,14,71,1,YB-2_S1,7,34,-2,BLANK
1,1,14,71,1,YB+2_S1,7,34,2,BLANK
-1,-1,15,71,1,YB-2_S1,7,31,-2,BLANK
1,1,15,71,1,YB+2_S1,7,31,2,BLANK
-1,-1,1,72,1,YB0_S1,6,20,0,BLANK
1,1,1,72,1,YB0_S1,7,49,0,BLANK
-1,-1,2,72,1,YB0_S1,6,17,0,BLANK
1,1,2,72,1,YB0_S1,6,19,0,BLANK
-1,-1,3,72,1,YB0_S1,6,16,0,BLANK
1,1,3,72,1,YB0_S1,7,48,0,BLANK
-1,-1,4,72,1,YB0_S1,7,33,0,BLANK
1,1,4,72,1,YB0_S1,7,47,0,BLANK
-1,-1,5,72,1,YB-1_S1,6,16,-1,BLANK
1,1,5,72,1,YB+1_S1,6,16,1,BLANK
-1,-1,6,72,1,YB-1_S1,6,13,-1,BLANK
1,1,6,72,1,YB+1_S1,6,13,1,BLANK
-1,-1,7,72,1,YB-1_S1,6,10,-1,BLANK
1,1,7,72,1,YB+1_S1,6,10,1,BLANK
-1,-1,8,72,1,YB-1_S1,7,45,-1,BLANK
1,1,8,72,1,YB+1_S1,7,45,1,BLANK
-1,-1,9,72,1,YB-1_S1,7,42,-1,BLANK
1,1,9,72,1,YB+1_S1,7,42,1,BLANK
-1,-1,10,72,1,YB-1_S1,7,39,-1,BLANK
1,1,10,72,1,YB+1_S1,7,39,1,BLANK
-1,-1,11,72,1,YB-2_S1,7,42,-2,BLANK
1,1,11,72,1,YB+2_S1,7,42,2,BLANK
-1,-1,12,72,1,YB-2_S1,7,39,-2,BLANK
1,1,12,72,1,YB+2_S1,7,39,2,BLANK
-1,-1,13,72,1,YB-2_S1,7,36,-2,BLANK
1,1,13,72,1,YB+2_S1,7,36,2,BLANK
-1,-1,14,72,1,YB-2_S1,7,33,-2,BLANK
1,1,14,72,1,YB+2_S1,7,33,2,BLANK
-1,-1,15,72,1,YB-2_S1,7,30,-2,BLANK
1,1,15,72,1,YB+2_S1,7,30,2,BLANK